dataset_id,age,richness
12,1000,23
12,10000,23
14110,1000,27
14110,2000,27
14110,3000,33
14110,10000,34
14289,1000,36
14289,2000,30
14289,3000,29
14289,10000,31
1434,1000,18
1434,10000,18
1435,1000,42
1435,2000,16
1435,3000,20
1435,4000,16
1435,5000,18
1435,6000,19
1435,7000,17
1435,10000,37
1438,1000,25
1438,2000,16
1438,3000,15
1438,4000,13
1438,7000,17
1438,8000,19
1438,9000,15
1438,10000,25
1438,11000,17
1440,1000,29
1440,10000,31
14523,1000,31
14523,2000,21
14523,3000,21
14523,4000,20
14523,5000,19
14523,6000,25
14523,7000,24
14523,8000,30
14523,9000,25
14523,10000,30
14523,11000,25
14523,12000,22
14525,2000,17
14525,4000,14
14525,6000,16
14525,7000,14
14525,9000,16
14525,10000,29
14525,11000,28
14525,12000,24
14527,2000,21
14527,3000,24
14527,4000,24
14556,1000,37
14556,10000,23
1522,2000,11
1522,3000,14
1522,4000,15
1522,5000,16
1522,10000,18
1577,1000,24
1577,2000,18
1577,3000,22
1577,4000,19
1577,5000,20
1577,7000,14
1577,8000,26
1577,9000,21
1577,10000,23
1577,11000,24
16212,1000,28
16212,2000,19
16212,3000,18
16212,5000,25
16212,8000,29
16212,9000,24
16212,10000,31
16212,11000,16
16212,12000,16
16214,1000,29
16214,2000,21
16214,3000,27
16214,4000,23
16214,5000,24
16214,6000,24
16214,10000,23
16217,1000,34
16217,10000,34
16219,1000,36
16219,2000,19
16219,10000,33
17334,1000,37
17334,2000,25
17334,3000,33
17334,4000,31
17334,5000,29
17334,6000,22
17334,7000,28
17334,8000,21
17334,10000,32
17336,1000,29
17336,2000,14
17336,3000,15
17336,4000,17
17336,5000,27
17336,6000,34
17336,10000,36
17342,2000,20
17342,3000,17
17342,4000,20
17342,5000,17
17342,6000,18
17342,7000,22
17342,9000,21
17342,10000,32
17342,11000,16
17342,12000,23
19901,1000,25
19901,2000,11
19901,3000,12
19901,4000,10
19901,10000,22
19909,1000,17
19909,10000,14
19913,1000,19
19913,10000,15
20,1000,10
20,2000,13
20,10000,8
20012,1000,20
20012,10000,21
20018,1000,24
20018,2000,22
20018,3000,19
20018,4000,20
20018,5000,22
20018,6000,14
20018,7000,18
20018,8000,21
20018,9000,20
20018,10000,21
20034,1000,21
20034,2000,20
20034,10000,17
20046,1000,30
20046,2000,17
20046,4000,22
20046,5000,19
20046,10000,28
20050,1000,32
20050,2000,24
20050,3000,39
20050,4000,31
20050,5000,39
20050,6000,27
20050,7000,29
20050,10000,33
20060,2000,32
20060,3000,26
20060,10000,36
20131,1000,23
20131,2000,13
20131,3000,16
20131,4000,20
20131,5000,16
20131,6000,14
20131,7000,13
20131,8000,13
20131,9000,24
20131,10000,26
20131,11000,18
20131,12000,21
20279,2000,12
20279,10000,29
20285,1000,27
20285,10000,21
20293,2000,25
20293,10000,21
21790,1000,20
21790,2000,17
21790,3000,21
21790,10000,19
22316,1000,37
22316,10000,29
22322,1000,24
22322,10000,23
22344,2000,15
22344,3000,21
22344,4000,14
22344,5000,21
22344,6000,24
22344,10000,24
22367,1000,35
22367,2000,26
22367,3000,20
22367,10000,34
225,2000,24
225,3000,18
225,4000,24
225,5000,24
225,6000,25
225,7000,20
225,8000,26
225,10000,17
225,12000,24
22650,1000,37
22650,10000,29
22656,1000,34
22656,2000,15
22656,3000,18
22656,4000,21
22656,5000,24
22660,1000,24
22660,10000,21
22662,3000,21
22662,4000,26
22662,10000,39
22669,1000,32
22669,10000,24
22672,2000,31
22672,3000,31
22678,1000,26
22678,2000,29
22678,3000,19
22678,10000,21
22683,1000,24
22683,2000,27
22683,3000,29
22683,6000,28
22683,8000,36
22683,10000,33
22683,12000,31
22687,1000,27
22687,2000,16
22687,3000,11
22687,4000,12
22687,5000,12
22687,6000,15
22687,7000,12
22687,8000,16
22687,10000,17
22689,2000,12
22689,3000,13
22689,4000,16
22689,5000,19
22689,6000,13
22689,7000,11
22689,8000,10
22689,9000,10
22689,10000,25
22689,11000,14
22689,12000,15
22709,1000,43
22709,2000,23
22709,3000,31
22709,4000,25
22709,5000,32
22709,10000,35
22711,1000,22
22711,2000,22
22711,3000,16
22711,4000,19
22711,5000,19
22711,10000,21
22723,1000,22
22723,2000,20
22723,3000,23
22723,4000,25
22723,5000,28
22723,6000,28
22723,10000,18
22732,1000,34
22732,2000,21
22732,3000,17
22732,4000,26
22732,5000,17
22732,6000,9
22732,7000,14
22732,8000,18
22732,9000,20
22732,10000,26
22732,11000,23
22732,12000,32
22757,1000,26
22757,2000,19
22757,3000,22
22757,10000,23
22759,1000,42
22759,2000,17
22759,3000,15
22759,4000,19
22759,5000,15
22759,6000,18
22759,10000,30
22773,1000,29
22773,2000,16
22773,3000,15
22773,4000,9
22773,10000,22
22786,1000,43
22786,10000,22
22788,1000,27
22788,2000,19
22788,4000,14
22788,5000,21
22788,6000,15
22788,7000,10
22788,8000,13
22788,9000,29
22788,10000,24
22791,1000,27
22791,2000,13
22791,3000,10
22791,4000,26
22791,5000,17
22791,10000,26
22797,1000,42
22797,2000,28
22797,3000,25
22797,4000,23
22797,10000,28
22801,2000,10
22801,3000,13
22801,4000,19
22801,5000,22
22801,6000,17
22801,7000,13
22801,10000,37
22803,10000,30
22812,1000,38
22812,2000,22
22812,3000,19
22812,4000,18
22812,10000,28
22814,1000,37
22814,10000,25
22820,1000,38
22820,2000,11
22820,3000,11
22820,4000,12
22820,5000,23
22820,6000,30
22820,10000,25
22828,1000,30
22828,2000,29
22828,3000,23
22828,4000,22
22828,5000,19
22828,6000,25
22828,7000,22
22828,8000,19
22828,9000,18
22828,10000,33
22828,11000,14
22835,2000,18
22835,3000,14
22835,4000,17
22835,5000,11
22835,6000,17
22835,7000,11
22835,8000,12
22835,10000,22
22842,1000,33
22842,2000,16
22842,10000,26
22845,2000,15
22845,3000,17
22845,4000,17
22845,6000,14
22845,10000,30
22847,1000,33
22847,2000,8
22847,3000,16
22847,4000,20
22847,10000,23
22849,1000,48
22849,2000,14
22849,3000,22
22849,4000,19
22849,10000,24
22851,1000,37
22851,10000,31
22890,10000,19
22894,1000,26
22894,2000,25
22894,3000,24
22894,4000,20
22894,5000,26
22894,6000,19
22894,7000,22
22894,8000,22
22894,9000,19
22894,10000,21
22894,11000,17
22894,12000,19
22908,1000,46
22908,2000,33
22908,3000,33
22908,4000,34
22908,5000,31
22908,6000,33
22908,7000,25
22908,8000,26
22908,9000,26
22908,10000,32
22908,11000,26
22908,12000,31
22910,10000,34
22938,2000,16
22938,3000,24
22938,10000,26
22942,1000,47
22942,2000,17
22942,3000,13
22942,4000,23
22942,5000,23
22942,6000,20
22942,7000,21
22942,8000,11
22942,10000,29
22944,1000,48
22944,10000,40
22958,2000,10
22958,3000,14
22958,4000,13
22958,5000,18
22958,6000,16
22958,7000,14
22958,8000,13
22958,10000,29
22960,1000,55
22960,10000,43
22966,1000,32
22966,2000,10
22966,3000,7
22966,4000,11
22966,5000,14
22966,6000,14
22966,7000,13
22966,8000,13
22966,9000,15
22966,10000,25
22966,11000,13
22966,12000,13
22976,10000,33
22980,10000,40
22988,1000,54
22988,2000,13
22988,10000,42
23004,1000,25
23004,10000,19
23008,10000,26
24032,1000,40
24032,3000,64
24032,4000,39
24032,5000,43
24032,6000,47
24032,7000,51
24032,8000,34
24032,10000,53
24042,1000,21
24042,10000,26
24050,2000,15
24050,3000,21
24050,4000,16
24050,5000,12
24050,6000,21
24050,7000,23
24053,1000,37
24053,2000,17
24053,3000,21
24053,4000,24
24053,5000,27
24053,6000,20
24053,7000,24
24053,8000,23
24053,10000,33
24055,1000,40
24055,2000,21
24055,3000,26
24055,4000,27
24055,5000,32
24055,10000,30
24061,1000,42
24061,2000,24
24061,3000,18
24061,10000,37
24080,1000,35
24080,2000,29
24080,10000,32
24091,1000,27
24091,2000,23
24091,3000,24
24091,4000,17
24091,5000,21
24091,6000,22
24091,7000,21
24091,8000,24
24091,9000,15
24091,10000,35
24091,11000,19
24091,12000,23
24106,2000,18
24106,3000,18
24106,4000,18
24106,5000,23
24106,6000,20
24106,7000,22
24106,8000,23
24106,9000,22
24106,10000,32
24106,11000,25
24106,12000,30
24110,1000,21
24110,2000,8
24110,3000,11
24110,4000,19
24110,5000,20
24110,6000,22
24110,7000,15
24110,10000,21
24118,1000,24
24118,2000,11
24118,3000,6
24118,4000,23
24118,10000,30
24155,1000,20
24155,10000,18
24181,2000,23
24181,3000,23
24181,4000,17
24181,6000,15
24181,7000,13
24181,8000,23
24181,9000,30
24181,10000,32
24181,11000,19
24181,12000,19
24190,1000,38
24190,3000,26
24190,4000,27
24190,5000,26
24190,6000,21
24190,7000,18
24190,8000,15
24190,9000,24
24190,11000,17
24190,12000,23
24195,1000,26
24195,2000,21
24195,10000,27
24236,1000,37
24236,2000,16
24236,3000,20
24236,4000,24
24236,10000,22
24303,1000,33
24303,10000,27
24312,10000,18
24317,1000,29
24317,10000,23
24319,1000,24
24319,10000,16
24321,1000,26
24321,10000,23
24348,1000,19
24348,2000,16
24348,3000,21
24348,4000,24
24348,5000,20
24348,10000,19
24390,10000,30
24410,2000,28
24410,3000,23
24410,4000,22
24410,5000,31
24410,6000,30
24410,7000,37
24410,8000,32
24410,10000,38
24414,1000,41
24414,2000,29
24414,10000,30
24467,10000,35
24593,1000,59
24593,10000,25
24840,10000,49
24861,1000,41
24861,10000,34
24863,1000,26
24863,2000,20
24863,3000,19
24863,4000,14
24863,5000,15
24863,6000,17
24863,10000,26
24867,2000,21
24867,3000,32
24867,4000,24
24867,5000,41
24867,6000,28
24867,10000,29
24956,1000,35
24956,2000,21
24956,3000,19
24956,4000,17
24956,5000,15
24956,6000,19
24956,7000,16
24956,8000,18
24956,9000,19
24956,10000,30
24956,11000,14
24956,12000,10
24966,10000,28
24996,1000,29
24996,2000,25
24996,10000,31
25163,2000,21
25163,3000,25
25163,4000,23
25163,5000,21
25163,6000,22
25163,8000,21
25163,10000,35
25163,11000,25
25163,12000,24
25285,1000,29
25285,2000,22
25285,3000,19
25285,4000,28
25285,5000,14
25285,6000,14
25285,7000,22
25285,8000,17
25285,9000,23
25285,10000,31
25318,1000,40
25318,2000,36
25318,3000,29
25318,4000,22
25318,10000,24
25344,1000,33
25344,2000,30
25344,3000,27
25344,4000,24
25344,5000,34
25344,6000,31
25344,7000,25
25344,8000,19
25344,10000,18
25370,1000,33
25370,3000,22
25370,5000,20
25370,6000,25
25370,7000,31
25370,10000,34
25372,1000,28
25372,10000,35
25763,1000,39
25763,10000,33
25773,1000,38
25773,2000,19
25773,3000,12
25773,4000,22
25773,5000,19
25773,6000,17
25773,7000,17
25773,8000,16
25773,9000,14
25773,10000,29
25773,11000,12
25773,12000,19
25837,1000,20
25837,2000,22
25837,3000,14
25837,4000,14
25837,5000,22
25837,6000,19
25837,7000,17
25837,8000,16
25837,9000,19
25837,10000,24
25837,11000,17
25837,12000,30
26319,1000,21
26319,10000,28
26431,1000,42
26431,2000,22
26431,3000,19
26431,10000,29
26435,1000,32
26435,2000,21
26435,3000,19
26435,4000,21
26435,5000,14
26435,6000,35
26435,7000,36
26435,10000,32
26448,1000,34
26448,2000,14
26448,3000,18
26448,4000,18
26448,5000,15
26448,6000,14
26448,10000,25
26499,2000,21
26499,3000,23
26499,4000,24
26499,10000,18
26505,2000,14
26505,3000,13
26505,4000,9
26505,5000,12
26505,6000,19
26505,7000,14
26505,8000,11
26505,9000,17
26505,10000,28
26505,11000,35
26514,1000,47
26514,3000,17
26514,4000,15
26514,5000,27
26514,6000,25
26514,10000,37
26518,1000,38
26518,2000,26
26518,3000,23
26518,4000,22
26518,5000,16
26518,6000,13
26518,7000,32
26518,10000,26
26520,2000,18
26608,1000,44
26608,2000,34
26608,3000,34
26608,4000,36
26608,5000,29
26608,6000,36
26608,7000,29
26608,9000,32
26608,10000,34
26608,11000,31
26608,12000,32
29236,1000,44
29236,2000,34
29236,10000,33
317,1000,13
317,2000,13
317,3000,15
317,4000,16
317,5000,14
317,6000,19
317,7000,17
317,10000,13
342,1000,31
342,4000,26
342,5000,28
342,6000,34
342,7000,21
342,10000,25
363,2000,7
363,3000,8
363,4000,7
363,5000,5
363,6000,7
363,7000,7
363,8000,11
363,9000,11
363,10000,13
363,11000,13
363,12000,9
374,5000,16
374,10000,23
3869,2000,17
3869,3000,12
3869,4000,12
3869,5000,15
3869,6000,15
3869,7000,18
3869,10000,17
3872,2000,20
3872,3000,19
3872,4000,28
3872,5000,26
3872,10000,34
3882,2000,12
3882,3000,11
3882,4000,7
3882,5000,8
3882,6000,12
3882,7000,12
3882,10000,16
3900,1000,30
3900,10000,33
3977,1000,37
3977,2000,20
3977,3000,15
3977,4000,16
3977,5000,16
3977,6000,26
3977,7000,33
3977,8000,33
3977,9000,25
3977,10000,29
4011,1000,23
4011,10000,16
4012,1000,23
4012,2000,27
4012,3000,22
4012,10000,24
4024,1000,27
4024,10000,24
4041,2000,26
4041,3000,19
4041,10000,25
4042,1000,23
4042,2000,12
4042,3000,14
4042,4000,16
4042,5000,16
4042,10000,20
40448,10000,17
40450,1000,46
40450,2000,11
40450,3000,11
40450,4000,11
40450,5000,12
40450,6000,14
40450,7000,11
40450,8000,13
40450,9000,15
40450,10000,38
40450,11000,15
40450,12000,18
40452,2000,14
40452,3000,16
40452,4000,20
40452,10000,37
4056,1000,37
4056,2000,24
4056,3000,21
4056,4000,28
4056,5000,35
4056,6000,27
4056,7000,32
4056,8000,30
4056,9000,40
4056,10000,28
4056,11000,32
40564,1000,31
40564,2000,17
40564,3000,9
40564,4000,14
40564,5000,12
40564,6000,11
40564,7000,12
40564,8000,11
40564,9000,15
40564,10000,29
40564,11000,17
40564,12000,14
40566,1000,34
40566,2000,17
40566,3000,17
40566,4000,17
40566,5000,10
40566,6000,15
40566,7000,10
40566,8000,17
40566,9000,29
40566,10000,33
40566,11000,29
40566,12000,25
40567,1000,38
40567,2000,22
40567,3000,11
40567,4000,15
40567,5000,17
40567,6000,7
40567,8000,11
40567,9000,12
40567,10000,27
40567,12000,17
4058,1000,24
4058,2000,18
4058,3000,19
4058,10000,28
40582,1000,34
40582,10000,25
40627,1000,29
40627,2000,19
40627,3000,26
40627,4000,15
40627,5000,14
40627,6000,17
40627,7000,18
40627,8000,18
40627,10000,26
40634,1000,39
40634,2000,21
40634,3000,20
40634,4000,18
40634,5000,18
40634,6000,17
40634,7000,23
40634,10000,32
40642,1000,23
40642,2000,12
40642,3000,15
40642,10000,28
4092,2000,17
4092,3000,13
4092,4000,14
4092,5000,13
4092,10000,13
40949,1000,34
40949,2000,25
40949,3000,20
40949,4000,19
40949,5000,15
40949,6000,12
40949,7000,11
40949,8000,13
40949,9000,17
40949,10000,32
40949,11000,17
40949,12000,18
4095,2000,21
4095,3000,25
4095,4000,22
4095,5000,25
4095,6000,26
4095,7000,20
4095,9000,25
4095,10000,33
40951,1000,35
40951,10000,24
40958,1000,37
40958,2000,22
40958,3000,16
40958,4000,18
40958,5000,10
40958,6000,12
40958,7000,9
40958,8000,12
40958,9000,11
40958,10000,31
40958,11000,16
40958,12000,19
4118,2000,14
4118,3000,17
4118,4000,14
4118,5000,22
4118,6000,23
4118,7000,18
4118,10000,25
41189,1000,39
41189,2000,19
41189,3000,14
41189,4000,19
41189,5000,27
41189,6000,27
41189,8000,18
41189,9000,24
41189,10000,25
41189,11000,16
4120,1000,32
4120,2000,20
4120,3000,22
4120,4000,16
4120,5000,18
4120,6000,19
4120,7000,21
4120,10000,29
41222,1000,35
41222,2000,11
41222,10000,29
41241,1000,25
41241,2000,23
41241,3000,31
41241,4000,22
41241,10000,24
41305,1000,30
41305,10000,27
41310,1000,32
41310,10000,27
4133,1000,14
4133,2000,11
4133,3000,17
4133,10000,16
4136,1000,16
4136,10000,13
41421,1000,31
41421,2000,22
41421,3000,25
41421,4000,25
41421,10000,16
41426,2000,16
41426,10000,54
41448,1000,41
41448,2000,18
41448,3000,13
41448,4000,22
41448,5000,16
41448,6000,15
41448,7000,17
41448,8000,10
41448,9000,18
41448,10000,40
41448,11000,21
41448,12000,18
41467,1000,42
41467,2000,21
41467,3000,23
41467,4000,28
41467,5000,23
41467,6000,22
41467,7000,17
41467,8000,17
41467,9000,18
41467,10000,34
41467,11000,20
41467,12000,21
41469,1000,51
41469,2000,27
41469,3000,25
41469,4000,20
41469,5000,19
41469,6000,15
41469,7000,16
41469,8000,21
41469,9000,18
41469,10000,34
41469,11000,28
41469,12000,33
4147,1000,29
4147,2000,30
4147,3000,36
4147,10000,50
41485,1000,30
41485,2000,19
41485,3000,19
41485,4000,16
41485,5000,20
41485,6000,23
41485,7000,19
41485,8000,19
41485,9000,22
41485,10000,25
41485,11000,22
41491,1000,36
41491,10000,25
4150,2000,20
4150,3000,22
4150,4000,18
4150,5000,21
4150,6000,28
4150,7000,31
4150,8000,25
4150,10000,31
41502,1000,31
41502,2000,22
41502,3000,21
41502,4000,23
41502,5000,21
41502,6000,17
41502,7000,17
41502,8000,22
41502,9000,17
41502,10000,28
41527,1000,26
41527,2000,13
41527,3000,14
41527,10000,9
4154,1000,23
4154,2000,12
4154,3000,11
4154,10000,23
41543,1000,71
41543,10000,45
41589,1000,47
41589,2000,25
41589,3000,20
41589,10000,39
41631,1000,55
41631,2000,33
41631,3000,42
41631,5000,44
41631,6000,52
41631,7000,44
41631,8000,27
41634,1000,44
41634,2000,29
41634,3000,44
41634,4000,28
41634,5000,27
41634,6000,30
41634,7000,30
41634,8000,31
41634,9000,24
41634,10000,41
41634,11000,37
41634,12000,37
4170,1000,32
4170,2000,37
4170,3000,31
4170,4000,39
4170,5000,31
4170,6000,40
4170,7000,41
4170,8000,43
4170,10000,33
41748,1000,49
41748,2000,23
41748,3000,16
41748,4000,17
41748,5000,18
41748,10000,27
41756,1000,20
41756,2000,20
41756,3000,18
41756,4000,21
41756,5000,23
41756,6000,20
41756,7000,24
41756,8000,22
41756,9000,16
41756,10000,17
41756,11000,18
41756,12000,18
41764,1000,15
41764,2000,15
41764,3000,17
41764,10000,18
41770,3000,24
41770,4000,30
41770,5000,23
41770,6000,16
41770,7000,15
41770,8000,13
41770,10000,39
41770,11000,20
41770,12000,23
41835,1000,49
41835,2000,23
41835,3000,34
41835,4000,27
41835,5000,24
41835,6000,32
41835,7000,19
41835,10000,33
4184,1000,29
4184,2000,18
4184,3000,17
4184,4000,29
4184,5000,32
4184,7000,23
4184,8000,24
4184,9000,20
4184,10000,30
4184,11000,28
4184,12000,29
41842,1000,44
41842,2000,19
41842,3000,20
41842,4000,22
41842,5000,18
41909,1000,36
41909,2000,30
41909,3000,31
41909,4000,29
41909,5000,36
41909,6000,33
41909,7000,35
41909,8000,36
41909,9000,38
41909,10000,38
41911,1000,36
41911,2000,24
41911,3000,26
41911,10000,33
4192,2000,16
4192,10000,36
4197,1000,41
4197,2000,26
4197,10000,27
4198,2000,19
4198,10000,28
4200,1000,22
4200,2000,12
4200,3000,12
4200,10000,16
4203,1000,14
4203,2000,8
4203,10000,13
4209,1000,18
4209,10000,20
4211,2000,23
4211,3000,22
4211,4000,25
4211,5000,22
4211,6000,20
4211,7000,26
4211,8000,13
4211,9000,8
4211,10000,35
4211,11000,18
4211,12000,14
4213,1000,37
4213,2000,16
4213,3000,12
4213,10000,28
4221,2000,24
4221,3000,21
4221,4000,16
4221,5000,14
4221,6000,16
4221,7000,23
4221,8000,25
4221,9000,31
4221,10000,40
4239,2000,17
4239,3000,14
4239,10000,13
4251,1000,28
4251,2000,22
4251,10000,30
42542,1000,34
42542,2000,19
42542,10000,27
4256,1000,47
4256,2000,34
4256,3000,43
4256,4000,36
4256,5000,29
4256,6000,40
4256,7000,39
4256,8000,38
4256,10000,48
42563,1000,28
42563,2000,16
42563,3000,19
42563,4000,25
42563,5000,17
42563,7000,18
42563,8000,28
42563,10000,28
4257,2000,9
4257,3000,8
4257,4000,10
4257,5000,12
4257,10000,14
42570,10000,25
4259,10000,18
42649,1000,40
42649,10000,28
42668,1000,38
42668,10000,27
42671,10000,25
42673,2000,16
42673,3000,15
42673,10000,32
42681,1000,41
42681,2000,20
42681,3000,16
42681,4000,20
42681,5000,26
42681,10000,29
42683,10000,32
4269,1000,22
4269,2000,12
4269,3000,7
4269,10000,19
42692,1000,40
42692,2000,22
42692,3000,16
42692,10000,29
42720,1000,44
42720,2000,16
42720,3000,15
42720,10000,28
4279,1000,21
4279,3000,24
4279,4000,30
4279,5000,27
4279,6000,33
4279,7000,28
4279,8000,33
4279,9000,24
4279,10000,18
4279,11000,28
4279,12000,27
4286,1000,12
4286,2000,8
4286,3000,15
4286,10000,13
4308,1000,20
4308,10000,18
4311,1000,38
4311,2000,27
4311,3000,29
4311,10000,26
4314,1000,20
4314,2000,8
4314,3000,8
4314,4000,10
4314,5000,8
4314,10000,18
4320,2000,9
4320,3000,7
4320,4000,9
4320,10000,18
4330,1000,26
4330,2000,26
4330,3000,24
4330,4000,25
4330,10000,28
43513,1000,54
43513,2000,22
43513,3000,28
43513,4000,29
43513,5000,25
43513,6000,28
43513,10000,40
43525,1000,28
43525,2000,21
43525,3000,18
43525,4000,22
43525,5000,20
43525,6000,16
43525,7000,17
43525,8000,15
43525,9000,18
43525,10000,23
43533,1000,26
43533,2000,23
43533,3000,21
43533,4000,16
43533,5000,19
43533,6000,22
43533,7000,18
43533,10000,27
4362,1000,17
4362,10000,17
4364,1000,43
4364,2000,20
4364,10000,32
4367,1000,22
4367,2000,21
4367,3000,26
4367,4000,31
4367,5000,34
4367,6000,33
4367,7000,27
4367,8000,24
4367,9000,20
4367,10000,14
4367,11000,36
4367,12000,28
4369,1000,17
4369,2000,10
4369,10000,18
4372,1000,13
4372,2000,8
4372,3000,13
4372,10000,9
4373,2000,26
4373,3000,17
4373,4000,21
4373,5000,22
4373,6000,20
4373,7000,19
4373,8000,19
4373,9000,17
4373,10000,36
4373,11000,20
4373,12000,19
4375,1000,40
4375,2000,21
4375,3000,18
4375,4000,21
4375,10000,32
4377,1000,48
4377,10000,24
4378,1000,29
4378,2000,18
4378,3000,21
4378,10000,38
4383,1000,39
4383,2000,20
4383,3000,22
4383,4000,19
4383,5000,23
4383,10000,42
4385,1000,18
4385,10000,20
4393,1000,17
4393,2000,14
4393,10000,10
4397,1000,39
4397,10000,30
4398,1000,36
4398,2000,13
4398,3000,9
4398,4000,17
4398,5000,12
4398,10000,26
4403,2000,13
4403,3000,17
4403,10000,21
4413,10000,46
4421,1000,20
4421,2000,23
4421,3000,18
4421,4000,23
4421,5000,21
4421,10000,22
4435,1000,36
4435,2000,11
4435,3000,12
4435,4000,12
4435,5000,15
4435,10000,30
4436,1000,22
4436,2000,18
4436,3000,19
4436,4000,15
4436,5000,20
4436,6000,16
4436,7000,18
4436,8000,13
4436,9000,16
4436,10000,19
4436,11000,24
4445,1000,38
4445,2000,26
4445,10000,31
4466,1000,24
4466,2000,12
4466,3000,15
4466,4000,14
4466,5000,15
4466,6000,16
4466,7000,12
4466,8000,12
4466,10000,20
4468,10000,9
4472,1000,18
4472,2000,14
4472,3000,18
4472,10000,12
44723,1000,43
44723,2000,15
44723,3000,18
44723,4000,20
44723,5000,16
44723,6000,14
44723,7000,13
44723,8000,14
44723,9000,18
44723,10000,28
44723,11000,26
44723,12000,27
4473,1000,38
4473,10000,36
4479,2000,14
4479,3000,19
4479,4000,27
4479,5000,17
4479,6000,15
4479,7000,18
4479,8000,14
4479,10000,33
4485,10000,23
44896,1000,39
44896,2000,17
44896,3000,20
44896,10000,21
4492,1000,39
4492,10000,34
44941,1000,22
44941,3000,22
44941,4000,22
44941,6000,22
44941,7000,28
44941,10000,17
44951,1000,35
44951,2000,22
44951,3000,22
44951,4000,24
44951,5000,26
44951,6000,24
44951,7000,26
44951,8000,27
44951,9000,27
44951,10000,29
4497,1000,24
4497,10000,21
4501,1000,17
4501,2000,19
4501,3000,17
4501,4000,21
4501,5000,17
4501,6000,19
4501,7000,23
4501,8000,20
4501,9000,18
4501,10000,18
4501,11000,13
4501,12000,18
45105,1000,26
45105,3000,28
45105,4000,25
45105,10000,20
45107,2000,30
45107,3000,21
45107,4000,23
45107,5000,18
45107,6000,14
45107,10000,27
45117,1000,41
45117,2000,25
45117,3000,30
45117,4000,28
45117,5000,30
45117,6000,26
45117,8000,19
45117,10000,37
4517,1000,42
4517,2000,11
4517,3000,19
4517,4000,20
4517,5000,19
4517,7000,26
4517,8000,28
4517,10000,24
45188,1000,33
45188,2000,24
45188,10000,28
45192,1000,55
45192,2000,35
45192,3000,29
45192,4000,32
45192,5000,28
45192,6000,35
45192,7000,38
45192,8000,36
45192,9000,33
45192,10000,46
45192,11000,36
45192,12000,30
4524,2000,13
4524,10000,29
45281,2000,31
45281,3000,38
45281,4000,25
45281,5000,31
45281,6000,29
45281,7000,23
45281,8000,20
45281,9000,23
45281,10000,29
45281,11000,13
45281,12000,18
4531,1000,19
4531,10000,15
45312,1000,20
45312,10000,16
45319,1000,30
45319,10000,29
45320,1000,31
45320,10000,29
45322,1000,43
45322,10000,31
45324,1000,76
45324,10000,53
45329,1000,32
45329,2000,26
45329,3000,25
45329,10000,33
45343,1000,29
45343,2000,18
45343,3000,22
45343,4000,27
45343,5000,27
45343,6000,35
45343,7000,36
45343,8000,28
45343,10000,22
45345,1000,30
45345,2000,16
45345,3000,11
45345,4000,15
45345,5000,35
45345,6000,37
45345,10000,26
45347,1000,20
45347,2000,26
45347,3000,24
45347,10000,14
45349,1000,27
45349,2000,12
45349,3000,11
45349,4000,13
45349,5000,17
45349,6000,17
45349,7000,23
45349,10000,23
45351,1000,20
45351,2000,18
45351,3000,15
45351,4000,19
45351,5000,16
45351,6000,23
45351,10000,24
45377,1000,24
45377,2000,14
45377,3000,18
45377,10000,19
45379,1000,20
45379,2000,18
45379,3000,11
45379,4000,14
45379,5000,17
45379,10000,18
45381,1000,39
45381,2000,22
45381,10000,33
45383,1000,24
45383,2000,10
45383,3000,13
45383,4000,10
45383,5000,19
45383,6000,22
45383,7000,17
45383,8000,26
45383,10000,21
45385,1000,28
45385,2000,14
45385,4000,15
45385,5000,13
45385,10000,19
45387,1000,15
45387,2000,7
45387,3000,6
45387,4000,11
45389,1000,19
45389,10000,17
4539,1000,22
4539,10000,19
45391,1000,37
45391,2000,20
45391,10000,18
45393,1000,16
45393,10000,17
45395,1000,16
45395,10000,14
45398,10000,24
45404,2000,14
45404,3000,11
45404,4000,14
45404,10000,19
4549,1000,29
4549,10000,18
4555,1000,33
4555,2000,18
4555,3000,20
4555,10000,22
45636,1000,25
45636,2000,15
45636,3000,19
45636,4000,26
45636,5000,26
45636,6000,21
45636,10000,23
45639,1000,24
45639,10000,19
45642,1000,31
45642,2000,27
45642,3000,30
45642,10000,24
45698,1000,28
45698,2000,16
45698,10000,29
45701,1000,32
45701,2000,11
45701,3000,14
45701,4000,17
45701,10000,29
45704,1000,27
45704,2000,19
45704,3000,14
45704,4000,14
45704,10000,24
45707,1000,23
45707,2000,25
45707,10000,19
45710,1000,33
45710,10000,25
45713,1000,39
45713,10000,32
45716,1000,37
45716,2000,25
45716,3000,25
45716,10000,35
45719,1000,27
45719,2000,23
45719,3000,25
45719,4000,24
45719,10000,22
45722,1000,35
45722,2000,24
45722,10000,36
45725,1000,40
45725,2000,21
45725,3000,29
45725,4000,28
45725,5000,29
45725,10000,30
45728,1000,34
45728,3000,36
45728,10000,37
45731,1000,28
45731,2000,19
45731,10000,26
46280,1000,43
46280,2000,18
46280,3000,13
46280,4000,21
46280,5000,16
46280,6000,10
46280,7000,15
46280,8000,15
46280,9000,17
46280,10000,32
46280,11000,24
46280,12000,27
46457,1000,17
46457,2000,13
46457,3000,16
46457,4000,21
46457,10000,15
46469,2000,14
46469,3000,15
46469,4000,25
46469,5000,23
46469,10000,19
46477,1000,18
46477,2000,19
46477,3000,18
46477,4000,16
46477,5000,22
46477,6000,17
46477,7000,18
46477,8000,21
46477,9000,22
46477,10000,22
46481,1000,16
46481,2000,19
46481,10000,20
46490,1000,19
46490,2000,17
46490,3000,18
46490,4000,21
46490,10000,18
46514,2000,15
46514,3000,12
46514,4000,11
46514,5000,12
46514,6000,16
46514,7000,17
46514,8000,22
46514,10000,13
46516,1000,18
46516,2000,19
46516,3000,23
46516,10000,20
46544,1000,25
46544,2000,13
46544,10000,20
47005,1000,41
47005,2000,23
47005,3000,32
47005,4000,29
47005,5000,28
47005,6000,20
47005,7000,26
47005,8000,26
47005,9000,26
47005,10000,28
47005,12000,35
47520,1000,38
47520,2000,15
47520,3000,17
47520,4000,20
47520,10000,28
47537,1000,42
47537,10000,41
47590,1000,57
47590,10000,24
48072,1000,29
48072,2000,16
48072,3000,22
48072,4000,23
48072,5000,13
48072,6000,14
48072,8000,19
48072,9000,13
48072,10000,23
48358,1000,45
48358,10000,30
48735,1000,32
48735,2000,13
48735,3000,15
48735,4000,14
48735,5000,19
48735,6000,12
48735,7000,18
48735,10000,21
48738,1000,17
48738,10000,21
48769,1000,24
48769,10000,22
48777,1000,27
48777,10000,21
48782,1000,22
48782,2000,12
48782,10000,22
48798,1000,30
48798,10000,29
48917,1000,19
48917,2000,14
48917,3000,15
48917,10000,21
48919,1000,24
48919,2000,20
48919,10000,22
48921,1000,23
48921,2000,14
48921,3000,17
48921,4000,25
48921,10000,19
48923,1000,27
48923,2000,15
48923,3000,24
48923,10000,19
48926,10000,25
48931,1000,28
48931,2000,29
48931,3000,31
48931,4000,32
48931,10000,29
48935,1000,35
48935,2000,11
48935,3000,20
48935,4000,15
48935,10000,18
48937,10000,37
48950,2000,23
48950,3000,23
48950,10000,26
48960,1000,31
48960,2000,20
48960,3000,24
48960,4000,26
48960,5000,27
48960,6000,28
48960,10000,26
48966,1000,32
48966,2000,19
48966,3000,14
48966,4000,17
48966,5000,28
48966,10000,35
48982,1000,36
48982,2000,24
48982,3000,17
48982,10000,25
49076,1000,41
49076,10000,39
49078,1000,41
49078,10000,35
49120,1000,10
49120,10000,14
49128,2000,27
49128,10000,18
49137,3000,20
49137,10000,15
49143,1000,40
49143,10000,32
49149,1000,32
49149,2000,30
49149,3000,22
49149,4000,19
49149,5000,22
49149,6000,14
49149,7000,16
49149,8000,25
49149,9000,27
49149,10000,39
49175,1000,31
49175,10000,27
49177,1000,35
49177,2000,25
49177,3000,26
49177,4000,24
49177,5000,28
49177,6000,26
49177,7000,28
49177,8000,23
49177,9000,28
49177,10000,29
49177,11000,23
49177,12000,26
49179,1000,36
49179,10000,19
49222,1000,44
49222,2000,26
49222,4000,32
49222,5000,33
49222,7000,29
49222,9000,29
49222,10000,36
49222,11000,27
49240,1000,15
49240,2000,24
49242,1000,23
49242,2000,21
49242,3000,25
49242,4000,25
49242,5000,22
49242,6000,25
49242,7000,16
49242,8000,19
49242,9000,20
49242,10000,20
49263,1000,23
49263,10000,38
49265,1000,26
49265,10000,21
49388,10000,31
49430,1000,41
49430,2000,19
49430,10000,29
49432,1000,45
49432,2000,15
49432,3000,11
49432,10000,41
49434,1000,34
49434,10000,22
49444,1000,36
49444,2000,22
49444,3000,19
49444,4000,17
49444,5000,10
49444,6000,10
49444,7000,10
49444,10000,27
49466,1000,30
49466,2000,12
49466,3000,10
49466,4000,17
49466,5000,24
49466,6000,19
49468,1000,31
49468,2000,15
49468,3000,16
49468,4000,13
49468,5000,12
49468,6000,17
49468,7000,20
49468,8000,11
49468,10000,28
49477,10000,35
49511,1000,33
49511,2000,19
49511,3000,21
49511,4000,16
49511,5000,20
49511,10000,27
49513,1000,35
49513,2000,27
49513,3000,30
49513,4000,24
49513,5000,19
49513,6000,23
49513,7000,19
49513,10000,25
49530,1000,18
49530,2000,35
49530,3000,34
49530,10000,17
49636,1000,19
49636,10000,19
49642,1000,22
49642,2000,10
49642,10000,20
49654,10000,19
49656,1000,20
49658,1000,24
49658,2000,11
49658,3000,9
49658,10000,22
49660,1000,26
49660,2000,8
49660,3000,10
49660,10000,19
49906,1000,39
49906,10000,30
52082,1000,20
52082,10000,14
52088,1000,21
52088,10000,20
52092,1000,34
52092,2000,30
52092,3000,28
52092,4000,30
52092,5000,27
52092,6000,25
52092,7000,21
52092,8000,26
52092,9000,19
52092,10000,32
52107,1000,41
52107,10000,41
52113,1000,26
52113,2000,14
52121,1000,37
52121,10000,40
52127,1000,52
52127,2000,30
52127,3000,34
52127,4000,29
52127,5000,31
52127,6000,35
52127,7000,27
52127,8000,36
52127,10000,41
52214,1000,15
52214,10000,15
52238,1000,26
52238,2000,20
52238,3000,21
52238,4000,27
52238,5000,24
52238,6000,29
52238,10000,22
52255,1000,32
52255,10000,27
52260,1000,59
52260,2000,30
52260,3000,27
52260,4000,26
52260,5000,25
52260,6000,23
52260,7000,24
52260,8000,23
52260,9000,25
52260,10000,33
52260,11000,20
52260,12000,17
52285,2000,33
52285,3000,33
52285,4000,40
52285,5000,39
52285,6000,42
52285,7000,36
52285,10000,52
52439,1000,33
52439,10000,31
52663,2000,25
52663,3000,21
52663,4000,21
52663,5000,27
52663,7000,34
52663,8000,28
52663,9000,28
52663,10000,38
52663,11000,28
52663,12000,28
52665,1000,23
52665,2000,15
52665,3000,19
52665,4000,20
52665,6000,10
52665,10000,24
52673,1000,28
52673,10000,23
52790,1000,40
52790,2000,20
52790,3000,16
52790,4000,19
52790,5000,14
52790,6000,12
52790,7000,12
52790,8000,14
52790,10000,26
52901,1000,55
52901,10000,47
52919,1000,45
52919,10000,33
53098,2000,31
53098,3000,24
53098,4000,28
53098,5000,33
53098,6000,32
53098,7000,30
531,3000,16
531,5000,20
531,6000,20
531,8000,24
531,10000,29
53119,1000,21
53119,2000,22
53275,1000,39
53275,10000,29
53279,1000,31
53279,10000,32
53286,10000,24
53966,1000,21
53966,10000,21
53968,1000,17
53968,10000,20
53969,1000,19
53969,2000,25
53969,10000,18
53970,1000,20
53970,2000,24
53970,10000,19
53978,1000,15
53978,10000,19
53980,1000,20
53980,10000,18
53986,1000,14
53986,10000,16
53988,1000,19
53988,10000,14
53991,1000,16
53991,2000,18
53991,10000,21
53997,1000,30
53997,10000,34
54003,1000,27
54003,2000,18
54003,10000,21
54004,1000,20
54004,2000,13
54004,3000,21
54004,10000,20
54005,1000,25
54005,2000,16
54005,3000,18
54005,10000,23
54016,10000,29
54024,1000,30
54024,2000,14
54024,3000,21
54024,4000,23
54024,5000,29
54024,10000,19
55045,1000,17
55045,2000,14
55045,3000,11
55045,4000,17
55045,5000,17
55045,10000,22
55439,2000,17
55439,3000,24
55439,10000,28
55815,1000,30
55815,2000,17
55815,5000,11
55815,6000,11
55815,10000,23
57611,10000,26
57645,2000,36
57645,3000,25
57645,4000,34
57645,5000,37
57645,6000,37
57645,7000,34
57645,8000,41
57645,9000,32
57645,10000,32
57654,10000,48
57659,2000,37
57659,3000,45
57659,4000,46
57659,5000,41
57659,6000,40
57659,7000,33
57659,8000,30
57659,9000,33
57659,10000,42
57659,11000,33
57659,12000,33
57662,1000,57
57662,2000,52
57662,3000,48
57662,4000,52
57662,5000,44
57662,6000,37
57662,7000,38
57662,8000,39
57662,9000,32
57662,10000,45
57662,11000,30
57671,10000,30
57678,2000,38
57678,3000,34
57678,10000,45
57738,1000,43
57738,2000,24
57738,3000,16
57738,4000,20
57738,5000,26
57738,6000,26
57738,7000,25
57738,10000,32
57743,1000,50
57743,2000,29
57743,8000,16
57743,10000,47
57776,1000,44
57776,2000,27
57776,3000,26
57776,10000,45
57987,1000,34
57987,4000,31
57987,8000,32
57987,10000,35
58000,1000,21
58000,2000,21
58000,10000,16
58029,1000,51
58029,2000,28
58029,3000,40
58029,4000,29
58029,5000,33
58029,10000,38
58082,10000,17
58086,2000,16
58086,3000,14
58086,10000,20
58520,1000,39
58520,10000,31
58542,1000,35
58542,2000,19
58542,3000,18
58542,4000,14
58542,5000,10
58542,6000,17
58542,7000,25
58542,8000,18
58542,9000,11
58542,10000,28
58542,11000,25
58689,2000,8
58689,3000,22
58689,4000,23
58689,5000,22
58689,6000,13
58689,7000,19
58689,8000,14
58689,9000,16
58689,10000,18
58689,11000,23
58694,1000,32
58694,10000,37
58736,1000,17
58736,2000,20
58736,3000,23
58736,4000,22
58736,5000,25
58736,6000,24
58736,7000,29
58736,8000,28
58736,9000,30
58736,10000,22
58736,11000,29
58736,12000,26
58764,2000,22
58764,3000,27
58764,10000,18
58775,1000,42
58775,10000,31
58790,1000,40
58790,2000,26
58790,3000,29
58790,4000,20
58790,5000,27
58790,6000,29
58790,7000,27
58790,8000,28
58790,9000,24
58790,10000,24
58790,11000,30
58790,12000,32
58797,1000,31
58797,2000,24
58797,3000,23
58797,4000,26
58797,5000,22
58797,6000,28
58797,7000,30
58797,10000,25
58810,1000,34
58810,2000,20
58810,3000,28
58810,4000,26
58810,5000,33
58810,6000,23
58810,7000,28
58810,10000,36
58820,1000,27
58820,2000,29
58820,3000,23
58820,4000,27
58820,5000,29
58820,6000,19
58820,7000,26
58820,10000,29
59895,1000,19
59895,10000,22
59898,2000,19
59898,3000,18
59898,4000,11
59898,5000,12
59898,6000,10
59898,7000,10
59898,8000,11
59898,9000,26
59898,10000,26
59898,11000,20
59969,1000,32
59969,2000,19
59969,3000,20
59969,4000,18
59969,5000,18
59969,10000,23
720,1000,22
720,2000,18
720,3000,13
720,10000,14
723,1000,45
723,10000,30
784,1000,52
784,2000,36
784,3000,38
784,6000,30
784,10000,42
977,2000,23
977,3000,15
977,4000,21
977,5000,22
977,10000,23
