neotoma_names,is_plant
Abies,TRUE
Acer negundo-type,TRUE
Acer rubrum,TRUE
Acer saccharum-type,TRUE
Acer undiff.,TRUE
Alnus incana-type,TRUE
Amaranthaceae undiff.,TRUE
Anacardiaceae undiff.,TRUE
Apiaceae,TRUE
Apocynum,TRUE
Arecaceae undiff.,TRUE
Artemisia,TRUE
Berberidaceae,TRUE
Beta vulgaris-type,TRUE
Betula,TRUE
Brassica,TRUE
Brassicaceae undiff.,TRUE
Bromeliaceae,TRUE
Bursera,TRUE
Byrsonima,TRUE
Campanulaceae,TRUE
Carya,TRUE
Caryophyllaceae,TRUE
Ceanothus,TRUE
Cedrus,TRUE
Celtis,TRUE
Cephalanthus,TRUE
Ceratiola ericoides-type,TRUE
Chamaecrista fasciculata-type,TRUE
Cistaceae,TRUE
Clethra,TRUE
Corylus,TRUE
Cupressaceae undiff.,TRUE
Cyclachaena xanthiifolia-type,TRUE
Cyperaceae,TRUE
Cyrilla racemiflora,TRUE
Dalea,TRUE
Dalea candida-type,TRUE
Dalea purpurea,TRUE
Dalea undiff.,TRUE
Dodonaea,TRUE
Ericaceae,TRUE
Euphorbia,TRUE
Fabaceae undiff.,TRUE
Fagus,TRUE
Fraxinus nigra-type,TRUE
Fraxinus pennsylvanica-type,TRUE
Fraxinus undiff.,TRUE
Galium,TRUE
Gentiana andrewsii-type,TRUE
Gentianaceae undiff.,TRUE
Gordonia,TRUE
Hedyosmum,TRUE
Hedysarum,TRUE
Ilex,TRUE
Impatiens,TRUE
Iva frutescens-type,TRUE
Juglans nigra-type,TRUE
Lamiaceae,TRUE
Lechea,TRUE
Liquidambar,TRUE
Magnolia,TRUE
Malvaceae,TRUE
Moraceae undiff.,TRUE
Morus,TRUE
Myrica,TRUE
Myrtaceae undiff.,TRUE
Nyssa,TRUE
Onagraceae,TRUE
Opuntia,TRUE
Orchidaceae,TRUE
Osmanthus,TRUE
Paronychia americana,TRUE
Paronychia chartacea,TRUE
Parthenocissus,TRUE
Persicaria amphibia,TRUE
Phoradendron,TRUE
Picea,TRUE
Pinaceae (vesiculate) undiff.,TRUE
Pinus subg. Pinus,TRUE
Pinus subg. Strobus,TRUE
Pinus undiff.,TRUE
Plantago,TRUE
Platanus,TRUE
Poaceae,TRUE
Podocarpus,TRUE
Polygalaceae,TRUE
Polygonum delopyrum-type,TRUE
Polygonum fimbriatum-type,TRUE
Polygonum polygamum-type,TRUE
Polygonum tenue-type,TRUE
Populus,TRUE
Quercus,TRUE
Ranunculaceae undiff.,TRUE
Rhamnaceae undiff.,TRUE
Rhus,TRUE
Rosaceae undiff.,TRUE
Rubiaceae undiff.,TRUE
Rumex,TRUE
Rutaceae undiff.,TRUE
Sabal,TRUE
Salix,TRUE
Sambucus,TRUE
Sanguisorba,TRUE
Sapindus,TRUE
Serenoa,TRUE
Shepherdia canadensis,TRUE
Sisyrinchium,TRUE
Solanaceae undiff.,TRUE
Solanum rostratum,TRUE
Symplocos,TRUE
Taxodium,TRUE
Taxus,TRUE
Thalictrum,TRUE
Tilia,TRUE
Tillandsia,TRUE
Trema,TRUE
Trifolium repens-type,TRUE
Tsuga,TRUE
Ulmus,TRUE
Urticaceae undiff.,TRUE
Viburnum,TRUE
Vitis,TRUE
Xanthium,TRUE
Ximenia,TRUE
Xyris,TRUE
Alnus incana,TRUE
Alnus undiff.,TRUE
Amaranthaceae,TRUE
Amelanchier,TRUE
Arceuthobium,TRUE
Brassicaceae,TRUE
Ephedra,TRUE
Eriogonum,TRUE
Fabaceae,TRUE
Fraxinus,TRUE
Juniperus,TRUE
Pinus albicaulis-type,TRUE
Pinus contorta-type,TRUE
Polygonaceae undiff.,TRUE
Potentilla,TRUE
Pseudotsuga,TRUE
Sarcobatus,TRUE
Sphaeralcea,TRUE
Acer,TRUE
Alnus,TRUE
Asteraceae undiff.,TRUE
Castanea,TRUE
Cornus,TRUE
Juglans,TRUE
Pinus,TRUE
Rosaceae,TRUE
Cupressaceae,TRUE
Elaeagnus,TRUE
Ephedra viridis-type,TRUE
Euphorbiaceae,TRUE
Lamiaceae undiff.,TRUE
Larix,TRUE
Malvaceae sensu stricto,TRUE
Persicaria lapathifolia-type,TRUE
Plantago major,TRUE
Polemonium,TRUE
Polygonum aviculare-type,TRUE
Primulaceae,TRUE
Rhamnus,TRUE
Sarcobatus vermiculatus,TRUE
Saxifragaceae,TRUE
Scrophulariaceae,TRUE
Solanaceae,TRUE
Viscaceae sensu stricto,TRUE
Ambrosia,TRUE
Arctostaphylos,TRUE
Berberis,TRUE
Bistorta bistortoides,TRUE
Cactaceae,TRUE
Cercocarpus,TRUE
Cirsium,TRUE
Holodiscus,TRUE
Liliaceae,TRUE
Lonicera,TRUE
Parkinsonia,TRUE
Pinus edulis-type,TRUE
Pinus flexilis-type,TRUE
Polygonum sensu lato undiff.,TRUE
Portulacaceae,TRUE
Ranunculus,TRUE
Ribes,TRUE
Rubus,TRUE
Trixis,TRUE
Acer negundo,TRUE
Acer saccharinum-type,TRUE
Caprifoliaceae sensu lato undiff.,TRUE
Fraxinus (tetracolpate),TRUE
Fraxinus (tricolpate),TRUE
Juglans cinerea,TRUE
Juglans nigra,TRUE
Oxyria digyna,TRUE
Rhamnaceae,TRUE
Salsola,TRUE
Cyclachaena xanthiifolia,TRUE
Ephedra nevadensis-type,TRUE
Shepherdia argentea,TRUE
Abies balsamea,TRUE
Acer pensylvanicum,TRUE
Acer saccharum,TRUE
Acer spicatum,TRUE
Alnus viridis-type,TRUE
Betula undiff.,TRUE
Bistorta vivipara,TRUE
Carya ovata,TRUE
Castanea dentata,TRUE
Corylus cornuta,TRUE
Epilobium,TRUE
Juniperus communis/Thuja occidentalis-type,TRUE
Koenigia islandica,TRUE
Myrica gale,TRUE
Oxytropis maydelliana-type,TRUE
Pedicularis,TRUE
Picea glauca-type,TRUE
Picea mariana-type,TRUE
Picea undiff.,TRUE
Pinaceae,TRUE
Pinus banksiana-type,TRUE
Pinus strobus,TRUE
Populus balsamifera-type,TRUE
Populus tremuloides-type,TRUE
Prunus,TRUE
Rhamnus alnifolia/Frangula alnus,TRUE
Saxifraga cernua-type,TRUE
Saxifraga oppositifolia-type,TRUE
Tsuga canadensis,TRUE
Anacardiaceae,TRUE
Aquifoliaceae,TRUE
Gleditsia,TRUE
Iva annua-type,TRUE
Poaceae undiff.,TRUE
Polygonum sensu lato,TRUE
Shepherdia,TRUE
Aconitum,TRUE
Alnus viridis,TRUE
Alnus viridis,TRUE
Boraginaceae,TRUE
Ericales,TRUE
Gentiana,TRUE
Micranthes hieraciifolia,TRUE
Pedicularis langsdorffii,TRUE
Pedicularis verticillata,TRUE
Rubus chamaemorus,TRUE
Saxifraga cernua,TRUE
Saxifraga tricuspidata,TRUE
Saxifragaceae undiff.,TRUE
Valeriana,TRUE
Astragalus,TRUE
Bistorta officinalis,TRUE
Dryas,TRUE
Linnaea borealis,TRUE
Oxytropis,TRUE
Rubus arcticus,TRUE
Saussurea,TRUE
Urtica,TRUE
Eucalyptus,TRUE
Ranunculaceae,TRUE
Saxifraga oppositifolia,TRUE
Valerianoideae,TRUE
Asteraceae,TRUE
Cornaceae,TRUE
Gentianaceae,TRUE
Rubiaceae,TRUE
Sapindaceae,TRUE
Tsuga heterophylla,TRUE
Tsuga mertensiana,TRUE
Alnus viridis subsp. crispa,TRUE
Betulaceae undiff.,TRUE
Elaeagnaceae undiff.,TRUE
Lamium,TRUE
Penstemon,TRUE
Phlox,TRUE
Plantaginaceae undiff.,TRUE
Polygonum,TRUE
Populus balsamifera,TRUE
Populus tremuloides,TRUE
Populus undiff.,TRUE
Caprifoliaceae sensu lato,TRUE
Claytonia,TRUE
Polemoniaceae undiff.,TRUE
Diapensia,TRUE
Empetrum,TRUE
Allium,TRUE
Anemone canadensis-type,TRUE
Chamaecrista,TRUE
Cornus sericea-type,TRUE
Ephedra trifurca-type,TRUE
Humulus,TRUE
Hydrophyllum,TRUE
Hypoxis,TRUE
Liliaceae undiff.,TRUE
Lilium philadelphicum-type,TRUE
Lysimachia thyrsiflora,TRUE
Lythrum,TRUE
Parietaria,TRUE
Pinaceae undiff.,TRUE
Pinus subg. Strobus undiff.,TRUE
Ranunculaceae (tricolpate),TRUE
Tidestromia,TRUE
Viburnum lentago,TRUE
Zea mays,TRUE
Zigadenus,TRUE
Calluna vulgaris,TRUE
Carpinus,TRUE
Centaurea cyanus,TRUE
Fagopyrum,TRUE
Frangula alnus,TRUE
Hedera,TRUE
Plantago lanceolata,TRUE
Plantago media,TRUE
Viscum,TRUE
Calluna,TRUE
Campanula,TRUE
Circaea,TRUE
Crataegus,TRUE
Filipendula,TRUE
Helianthemum,TRUE
Lactuca,TRUE
Lythrum salicaria,TRUE
Melampyrum,TRUE
Narthecium,TRUE
Plantago undiff.,TRUE
Polygala,TRUE
Pulmonaria obscura-type,TRUE
Rhinanthus,TRUE
Rumex acetosa,TRUE
Rumex acetosella,TRUE
Rumex obtusifolius,TRUE
Rumex undiff.,TRUE
Scabiosa,TRUE
Sorbus,TRUE
Succisa,TRUE
Ulex,TRUE
Armeria,TRUE
Centaurea,TRUE
Chenopodiaceae sensu stricto,TRUE
Faboideae,TRUE
Gentianella,TRUE
Geraniaceae,TRUE
Hypericum,TRUE
Plantago maritima,TRUE
Prunella,TRUE
Pterocarya,TRUE
Trifolium,TRUE
Verbenaceae,TRUE
Betula nana-type,TRUE
Ericales undiff.,TRUE
Plantago major/P. media,TRUE
Rumex subg. Acetosa,TRUE
Abies alba,TRUE
Bistorta officinalis-type,TRUE
Cardamine pratensis-type,TRUE
Carpinus betulus,TRUE
Centaurea scabiosa,TRUE
Chamaenerion angustifolium,TRUE
Chrysosplenium,TRUE
Corylus avellana,TRUE
Echium,TRUE
Ephedra foeminea-type,TRUE
Euonymus,TRUE
Fagus sylvatica,TRUE
Larix decidua,TRUE
Lysimachia vulgaris-type,TRUE
Parnassia palustris,TRUE
Persicaria maculosa-type,TRUE
Picea abies,TRUE
Pleurospermum,TRUE
Polygonum aviculare,TRUE
Ranunculus arvensis-type,TRUE
Rumex acetosa-type,TRUE
Sambucus nigra-type,TRUE
Sanguisorba officinalis,TRUE
Trifolium pratense-type,TRUE
Viburnum undiff.,TRUE
Betula nana,TRUE
Dryas octopetala,TRUE
Hippophaë,TRUE
Mercurialis,TRUE
Portulaca,TRUE
Secale,TRUE
Triticum,TRUE
Acer platanoides,TRUE
Alnus glutinosa,TRUE
Caryophyllaceae undiff.,TRUE
Convolvulaceae,TRUE
Echinops,TRUE
Fagopyrum esculentum,TRUE
Fagopyrum tataricum,TRUE
Fagopyrum undiff.,TRUE
Hippophaë rhamnoides,TRUE
Knautia arvensis,TRUE
Pinus sylvestris,TRUE
Plumbaginaceae,TRUE
Thalictrum aquilegiifolium,TRUE
Thalictrum lucidum,TRUE
Thalictrum undiff.,TRUE
Ulmus glabra,TRUE
Ulmus laevis,TRUE
Ulmus minor,TRUE
Vitis vinifera,TRUE
Anemone,TRUE
Arctium,TRUE
Hypericaceae,TRUE
Matricaria,TRUE
Tilia platyphyllos,TRUE
Koenigia,TRUE
Medicago,TRUE
Tilia cordata,TRUE
Arbutus unedo,TRUE
Armeria maritima (type A),TRUE
Empetrum nigrum,TRUE
Erica tetralix,TRUE
Fraxinus excelsior,TRUE
Hedera helix,TRUE
Ilex aquifolium,TRUE
Juglans regia,TRUE
Lonicera periclymenum,TRUE
Narthecium ossifragum,TRUE
Plantago coronopus,TRUE
Plantago lanceolata-type,TRUE
Plantago uniflora,TRUE
Plantago uniflora,TRUE
Plantago uniflora,TRUE
Potentilla undiff.,TRUE
Saxifraga,TRUE
Sedum,TRUE
Taxus baccata,TRUE
Teucrium,TRUE
Urtica dioica,TRUE
Vaccinium,TRUE
Vicia,TRUE
Ranunculus lingua,TRUE
Buxus,TRUE
Cannabis,TRUE
Ligustrum,TRUE
Polygonum oxyspermum subsp. raii,TRUE
Ranunculus acris,TRUE
Stachys,TRUE
Valerianella,TRUE
Anchusa,TRUE
Daphne,TRUE
Frangula,TRUE
Geranium,TRUE
Linum catharticum,TRUE
Olea,TRUE
Papaver,TRUE
Phillyrea,TRUE
Pistacia,TRUE
Quercus ilex,TRUE
Adonis aestivalis,TRUE
Anagallis,TRUE
Anarrhinum,TRUE
Anthemis,TRUE
Aster,TRUE
Centranthus,TRUE
Erica arborea,TRUE
Erica australis,TRUE
Erica umbellata,TRUE
Fumana,TRUE
Herniaria,TRUE
Lithospermum,TRUE
Lotus,TRUE
Mentha,TRUE
Onobrychis,TRUE
Paronychia,TRUE
Serratula,TRUE
Sinapis,TRUE
Trollius,TRUE
Cannabis sativa,TRUE
Cornus sanguinea,TRUE
Ericaceae undiff.,TRUE
Iris,TRUE
Lathyrus,TRUE
Linum,TRUE
Malva,TRUE
Polygonaceae,TRUE
Rhamnus cathartica,TRUE
Sambucus nigra,TRUE
Secale cereale,TRUE
Viola,TRUE
Aesculus,TRUE
Avena,TRUE
Eryngium,TRUE
Helleborus,TRUE
Heracleum sphondylium,TRUE
Hordeum,TRUE
Jasione,TRUE
Lobelia,TRUE
Oxyria,TRUE
Persicaria,TRUE
Primula,TRUE
Prunus spinosa,TRUE
Anthyllis vulneraria,TRUE
Chelidonium,TRUE
Ephedra distachya-type,TRUE
Erica tetralix-type,TRUE
Erodium,TRUE
Micranthes stellaris-type,TRUE
Mimulus,TRUE
Montia fontana,TRUE
Ononis,TRUE
Pinguicula,TRUE
Plantago coronopus-type,TRUE
Plantago major/P. media-type,TRUE
Plantago maritima-type,TRUE
Poterium sanguisorba,TRUE
Saxifraga hypnoides-type,TRUE
Scutellaria,TRUE
Silene dioica-type,TRUE
Silene flos-cuculi,TRUE
Stellaria holostea,TRUE
Valeriana officinalis-type,TRUE
Acacia,TRUE
Adenostyles,TRUE
Calceolaria,TRUE
Carex,TRUE
Cicuta virosa,TRUE
Coronilla,TRUE
Dalechampia,TRUE
Gladiolus,TRUE
Glaucium,TRUE
Helianthus,TRUE
Ligustrum vulgare,TRUE
Lilium martagon,TRUE
Limosella,TRUE
Luzula,TRUE
Portulaca oleracea-type,TRUE
Primula vulgaris,TRUE
Rhododendron,TRUE
Silene dioica,TRUE
Viburnum opulus,TRUE
Zea,TRUE
Acer campestre-type,TRUE
Apiaceae undiff.,TRUE
Campanulaceae undiff.,TRUE
Castanea sativa,TRUE
Centaurea jacea-type,TRUE
Convolvulus arvensis,TRUE
Cyperaceae undiff.,TRUE
Fallopia convolvulus-type,TRUE
Gypsophila,TRUE
Lysimachia,TRUE
Mercurialis perennis,TRUE
Ranunculus acris-type,TRUE
Scleranthus perennis,TRUE
Scrophulariaceae undiff.,TRUE
Solanum dulcamara,TRUE
Viscum album,TRUE
Adoxa moschatellina,TRUE
Anemone nemorosa-type,TRUE
Arctostaphylos uva-ursi,TRUE
Astragalus alpinus,TRUE
Astragalus cf. A. glycyphyllos,TRUE
Cornus suecica,TRUE
Humulus lupulus,TRUE
Hypericum perforatum,TRUE
Juniperus communis,TRUE
Papaver rhoeas-type,TRUE
Potentilla recta,TRUE
Prunus padus,TRUE
Ranunculus undiff.,TRUE
Rhododendron tomentosum,TRUE
Sorbus aucuparia,TRUE
Stachys sylvatica-type,TRUE
Trientalis europaea,TRUE
Trientalis europaea,TRUE
Gentianella campestris-type,TRUE
Silene vulgaris-type,TRUE
Valeriana officinalis,TRUE
Rumex subg. Rumex,TRUE
Trientalis,TRUE
Achillea,TRUE
Alchemilla,TRUE
Arctous alpina,TRUE
Arenaria,TRUE
Artemisia norvegica,TRUE
Astragalus frigidus,TRUE
Bistorta,TRUE
Convallaria,TRUE
Ephedra distachya,TRUE
Ephedra fragilis,TRUE
Euphrasia,TRUE
Gentiana campestris,TRUE
Gentiana campestris,TRUE
Gentiana campestris,TRUE
Gentiana nivalis,TRUE
Geum,TRUE
Micranthes stellaris,TRUE
Myricaria,TRUE
Parnassia,TRUE
Ranunculus sp.,TRUE
Rubus sp.,TRUE
Rumex longifolius,TRUE
Sagina,TRUE
Salix herbacea,TRUE
Saxifraga hirculus,TRUE
Sibbaldia,TRUE
Silene acaulis,TRUE
Tofieldia,TRUE
Verbascum,TRUE
Veronica,TRUE
Astragalus cf. A. alpinus,TRUE
Geranium sylvaticum-type,TRUE
Rumex acetosa/R. acetosella-type,TRUE
Rumex acetosella-type,TRUE
Salix herbacea-type,TRUE
Salix undiff.,TRUE
Tofieldia pusilla,TRUE
Trollius europaeus,TRUE
Valeriana excelsa subsp. sambucifolia-type,TRUE
Cannabaceae undiff.,TRUE
Cerastium cerastoides-type,TRUE
Geranium sylvaticum,TRUE
Pedicularis palustris-type,TRUE
Silene acaulis-type,TRUE
Artemisia cf. A. norvegica,TRUE
Lobelia dortmanna,TRUE
Micranthes nivalis-type,TRUE
Populus tremula,TRUE
Rumex longifolius-type,TRUE
Saxifraga cespitosa-type,TRUE
Cerastium,TRUE
Ephedra distachya subsp. helvetica-type,TRUE
Ephedra fragilis-type,TRUE
Erica,TRUE
Silene,TRUE
Cornus suecica (thick wall),TRUE
Ericaceae cf. Calluna,TRUE
Euphorbiaceae cf. Mercurialis,TRUE
Onagraceae cf. Epilobium,TRUE
Rubus cf. R. idaeus,TRUE
Anagallis cf. A. arvensis,TRUE
Anagallis cf. A. tenella,TRUE
Cannabaceae,TRUE
Centaurea cyanus-type,TRUE
Centaurea nigra-type,TRUE
Diapensia lapponica,TRUE
Polygonum cf. P. aviculare,TRUE
Primula farinosa,TRUE
Rumex cf. R. longifolius,TRUE
"Alnus (shrub, pale shallow pores)",TRUE
"Alnus (tree, robust deep pores)",TRUE
Betula (hybrid),TRUE
Betula (tree),TRUE
Cannabaceae cf. Cannabis sativa,TRUE
Centaurea cf. C. cyanus,TRUE
Micranthes cf. M. stellaris,TRUE
Plantago cf. P. coronopus,TRUE
Saxifraga cf. S. oppositifolia,TRUE
Saxifraga granulata-type,TRUE
Spergularia,TRUE
Anagallis arvensis,TRUE
Corylus avellana-type,TRUE
Jasione montana,TRUE
Vicia sylvatica-type,TRUE
Alnus glutinosa-type,TRUE
Anthriscus sylvestris-type,TRUE
Bidens,TRUE
Chaerophyllum hirsutum-type,TRUE
Dipsacus,TRUE
Lonicera xylosteum,TRUE
Phyteuma,TRUE
Pimpinella major-type,TRUE
Ranunculus arvensis,TRUE
Rumex obtusifolius-type,TRUE
Vicia cracca-type,TRUE
Carduus,TRUE
Carum carvi,TRUE
Chamaenerion angustifolium-type,TRUE
Daucus,TRUE
Polygonatum,TRUE
Sanicula europaea,TRUE
Viburnum lantana,TRUE
Gagea,TRUE
Knautia,TRUE
Pinus cembra-type,TRUE
Plantago sp.,TRUE
Pulmonaria,TRUE
Symphytum,TRUE
Fallopia,TRUE
Gypsophila repens-type,TRUE
Koenigia alpina,TRUE
Montia,TRUE
Papaveraceae,TRUE
Plantago major-type,TRUE
Pleurospermum austriacum,TRUE
Scleranthus annuus,TRUE
Soldanella,TRUE
Valeriana dioica-type,TRUE
Plantago media-type,TRUE
Centaurea stoebe-type,TRUE
Galeopsis,TRUE
Gentiana asclepiadea-type,TRUE
Lysimachia vulgaris,TRUE
Oxalis,TRUE
Ribes cf. R. alpinum,TRUE
Sambucus cf. S. ebulus,TRUE
Valeriana dioica subsp. simplicifolia,TRUE
Valeriana dioica subsp. simplicifolia,TRUE
Veratrum,TRUE
Viola arvensis-type,TRUE
Lysimachia nemorum,TRUE
Pinguicula vulgaris,TRUE
Helianthemum nummularium-type,TRUE
Helianthemum oelandicum subsp. alpestris-type,TRUE
Paradisea liliastrum,TRUE
Pinus cembra,TRUE
Plantago alpina-type,TRUE
Plantago atrata-type,TRUE
Androsace,TRUE
Bupleurum,TRUE
Centaurea nigra,TRUE
Crassulaceae,TRUE
Linaria,TRUE
Odontites,TRUE
Oleaceae,TRUE
Ostrya,TRUE
Quercus ilex-type,TRUE
Quercus robur-type,TRUE
Urticaceae,TRUE
Calystegia,TRUE
Centaurea jacea,TRUE
Cynoglossum,TRUE
Dianthus,TRUE
Digitalis,TRUE
Gentiana pneumonanthe-type,TRUE
Linum usitatissimum,TRUE
Lotus pedunculatus,TRUE
Myosotis,TRUE
Reseda,TRUE
Scleranthus,TRUE
Solanum nigrum,TRUE
Spergula arvensis,TRUE
Vicia cracca,TRUE
Aquilegia,TRUE
Asphodelus,TRUE
Centaurea collina,TRUE
Convolvulus,TRUE
Juncaceae,TRUE
Ceratonia,TRUE
Cistus,TRUE
Quercus suber-type,TRUE
Cytisus,TRUE
Lilium,TRUE
Quercus robur,TRUE
Spergula,TRUE
Cuscuta,TRUE
Epipactis,TRUE
Hypericum perforatum-type,TRUE
Lycopsis arvensis-type,TRUE
Rhododendron subsect. Ledum,TRUE
Rhus coriaria-type,TRUE
Convolvulus arvensis-type,TRUE
Cuscuta europaea-type,TRUE
Iris pseudacorus-type,TRUE
Jasione montana-type,TRUE
Rumex aquaticus-type,TRUE
Rumex crispus-type,TRUE
Sanguisorba minor-type,TRUE
Saxifraga aizoides-type,TRUE
Thesium,TRUE
Tilia cordata-type,TRUE
Tilia platyphyllos-type,TRUE
Viburnum opulus-type,TRUE
Cerastium alpinum-type,TRUE
Cerastium undiff.,TRUE
Filipendula vulgaris,TRUE
Hypericum pulchrum-type,TRUE
Prunus cf. P. padus,TRUE
Rubus saxatilis,TRUE
Salix pentandra-type,TRUE
Saussurea nuda,TRUE
Saxifraga aizoides,TRUE
Stellaria undiff.,TRUE
Succisa pratensis,TRUE
Chrysosplenium oppositifolium,TRUE
Prunus avium/P. spinosa,TRUE
Silene uniflora subsp. uniflora-type,TRUE
Alnus glutinosa/A. incana,TRUE
Centaurea collina-type,TRUE
Koenigia alpina-type,TRUE
Persicaria amphibia-type,TRUE
Plantago alpina,TRUE
Centaurea montana-type,TRUE
Eranthis hyemalis,TRUE
Falcaria vulgaris,TRUE
Petasites,TRUE
Rumex alpinus,TRUE
Spiraea,TRUE
Agrimonia,TRUE
Allium ursinum-type,TRUE
Anemone sect. Pulsatilla,TRUE
Anthericum,TRUE
Aruncus dioicus,TRUE
Bistorta officinalis/B. vivipara,TRUE
Calystegia sepium,TRUE
Centaurea scabiosa-type,TRUE
Echium vulgare,TRUE
Epipactis palustris,TRUE
Gypsophila fastigiata,TRUE
Helianthemum canum-type,TRUE
Helianthemum oelandicum-type,TRUE
Linum catharticum-type,TRUE
Lithospermum officinale,TRUE
Loranthus europaeus,TRUE
Lysimachia nummularia,TRUE
Lythrum portula,TRUE
Malus,TRUE
Medicago sativa,TRUE
Ranunculus flammula-type,TRUE
Rumex acetosa/Oxyria-type,TRUE
Rumex crispus,TRUE
Salix glauca-type,TRUE
Salix polaris-type,TRUE
Salvia,TRUE
Scorzonera humilis-type,TRUE
Scrophularia,TRUE
Solanum nigrum-type,TRUE
Syringa vulgaris,TRUE
Trifolium repens,TRUE
Urtica urens,TRUE
Valeriana dioica,TRUE
Rosaceae (trees),TRUE
Centaurea montana,TRUE
Heracleum,TRUE
Lilium martagon-type,TRUE
Euphorbiaceae undiff.,TRUE
Gentiana pneumonanthe,TRUE
Jasminum,TRUE
Solanum,TRUE
Viola arvensis,TRUE
Viola riviniana,TRUE
Sambucus nigra/S. racemosa,TRUE
Nigella,TRUE
Persicaria maculosa,TRUE
Chenopodium,TRUE
Fraxinus ornus,TRUE
Genista,TRUE
Pinus pinaster-type,TRUE
Quercus coccifera,TRUE
Bruckenthalia,TRUE
Cornus mas,TRUE
Rheum,TRUE
Apium,TRUE
Araliaceae undiff.,TRUE
Astrantia major,TRUE
Bryonia,TRUE
Chelidonium majus,TRUE
Cornus mas-type,TRUE
Euonymus europaeus,TRUE
Fallopia convolvulus,TRUE
Hippocrepis,TRUE
Linum alpinum-type,TRUE
Oxalis acetosella,TRUE
Papaver argemone-type,TRUE
Trifolium spadiceum,TRUE
Anemone nemorosa,TRUE
Poaceae undiff. (>40 µm),TRUE
Poaceae undiff. (<40 µm),TRUE
Rumex acetosa/R. acetosella,TRUE
Stachys sylvatica,TRUE
Armeria maritima (type B),TRUE
Cuscuta lupuliformis,TRUE
Helianthemum undiff.,TRUE
Spergula arvensis-type,TRUE
Verbena officinalis,TRUE
Agrostemma githago,TRUE
Cornus cf. C. suecica,TRUE
Gentianella campestris,TRUE
Primula vulgaris-type,TRUE
Sambucus cf. S. racemosa,TRUE
Saxifraga cf. S. nivalis,TRUE
Stellaria cf. S. palustris,TRUE
Stellaria graminea,TRUE
Carex hirta-type,TRUE
Caryophyllaceae cf. Silene latifolia subsp. alba,TRUE
Gypsophila muralis,TRUE
Melilotus officinalis,TRUE
Pyrola,TRUE
Stellaria,TRUE
Stellaria cf. S. media,TRUE
Allium vineale-type,TRUE
Armeria maritima subsp. elongata,TRUE
Iris pseudacorus,TRUE
Papaver argemone,TRUE
Polygala vulgaris,TRUE
Rumex conglomeratus-type,TRUE
Saxifraga cf. S. aizoides,TRUE
Trifolium pratense,TRUE
Chenopodium album,TRUE
Fumaria,TRUE
Pimpinella,TRUE
Scabiosa columbaria,TRUE
Valerianella dentata,TRUE
Hornungia,TRUE
Listera,TRUE
Listera,TRUE
Poaceae (large),TRUE
Anthriscus sylvestris,TRUE
Calluna vulgaris-type,TRUE
Centaurea montana/Cyanus triumfettii,TRUE
Cerastium fontanum-type,TRUE
Cornus sanguinea-type,TRUE
Falcaria vulgaris-type,TRUE
Fraxinus excelsior-type,TRUE
Herniaria glabra-type,TRUE
Ilex aquifolium-type,TRUE
Laurus,TRUE
Ligusticum mutellina,TRUE
Linum austriacum-type,TRUE
Morus alba,TRUE
Pentaglottis sempervirens,TRUE
Pinus sylvestris-type,TRUE
Sambucus racemosa,TRUE
Saxifraga granulata,TRUE
Sorbus aucuparia-type,TRUE
Trifolium badium-type,TRUE
Berberis vulgaris,TRUE
Betula cf. B. nana,TRUE
Corydalis,TRUE
Cyperus,TRUE
Empetrum cf. E. nigrum,TRUE
Gypsophila fastigiata-type,TRUE
Populus tremula-type,TRUE
Silene undiff.,TRUE
Urtica cf. U. dioica,TRUE
Buxus sempervirens,TRUE
Fallopia convolvulus/F. dumetorum,TRUE
Polygonatum verticillatum,TRUE
Primula farinosa-type,TRUE
Rumex cf. R. obtusifolius,TRUE
Sambucus cf. S. nigra,TRUE
Saxifraga cf. S. hirculus,TRUE
Staphylea,TRUE
Syringa,TRUE
Anthyllis,TRUE
Arnica montana,TRUE
Astragalus alpinus-type,TRUE
Bellis,TRUE
Cerastium arvense-type,TRUE
Convallaria majalis,TRUE
Cytisus scoparius,TRUE
Daucus carota,TRUE
Dianthus superbus-type,TRUE
Erigeron,TRUE
Homogyne,TRUE
Lonicera xylosteum-type,TRUE
Medicago falcata-type,TRUE
Mercurialis annua,TRUE
Minuartia rubra-type,TRUE
Onosma,TRUE
Primula hirsuta-type,TRUE
Rosa,TRUE
Senecio,TRUE
Solidago,TRUE
Tussilago farfara,TRUE
Valeriana tripteris-type,TRUE
Ranunculus lingua-type,TRUE
Arbutus,TRUE
Arceuthobium oxycedri,TRUE
Asparagus acutifolius,TRUE
Asphodeline,TRUE
Asphodelus albus-type,TRUE
Calligonum,TRUE
Carlina,TRUE
Carthamus,TRUE
Celtis australis,TRUE
Centaurium,TRUE
Cerinthe,TRUE
Cistus monspeliensis,TRUE
Cistus salviifolius,TRUE
Epipactis palustris-type,TRUE
Erica arborea-type,TRUE
Ficus,TRUE
Helleborus foetidus,TRUE
Linum usitatissimum-type,TRUE
Lycopsis arvensis,TRUE
Lygeum spartum,TRUE
Myrtus communis,TRUE
Nerium oleander,TRUE
Pinus halepensis-type,TRUE
Quercus cerris/Q. suber,TRUE
Quercus pubescens-type,TRUE
Theligonum cynocrambe,TRUE
Thymelaeaceae,TRUE
Viburnum tinus,TRUE
Carpinus orientalis,TRUE
Jurinea,TRUE
Quercus cerris,TRUE
Anemone sect. Hepatica,TRUE
Mercurialis perennis-type,TRUE
Orlaya grandiflora,TRUE
Torilis arvensis,TRUE
Trifolium alpinum-type,TRUE
Asarum europaeum,TRUE
Betula pendula,TRUE
Betula pubescens,TRUE
Cichorium,TRUE
Illecebrum,TRUE
Oxalidaceae,TRUE
Plantaginaceae,TRUE
Santalaceae,TRUE
Violaceae,TRUE
Iridaceae,TRUE
Pinus peuce,TRUE
Quercus cerris-type,TRUE
Plantago media/P. montana,TRUE
Pistacia lentiscus,TRUE
Saxifraga paniculata-type,TRUE
Sempervivum,TRUE
Streptopus amplexifolius,TRUE
Vincetoxicum,TRUE
Xeranthemum,TRUE
Myosotis arvensis-type,TRUE
Lotus corniculatus,TRUE
Persicaria lapathifolia,TRUE
Poterium,TRUE
Quercus (deciduous),TRUE
Rumex aquaticus,TRUE
Sambucus ebulus,TRUE
Tilia undiff.,TRUE
Arctostaphylos uva-ursi-type,TRUE
Betula pubescens-type,TRUE
Chamaenerion,TRUE
Cryptomeria,TRUE
Rumex cf. R. alpinus,TRUE
Saxifraga undiff.,TRUE
Sciadopitys,TRUE
Sequoia,TRUE
Sorbus aria-type,TRUE
Tsuga diversifolia-type,TRUE
Buphthalmum,TRUE
Geum montanum-type,TRUE
Holosteum umbellatum,TRUE
Ligusticum mutellinoides-type,TRUE
Minuartia verna-type,TRUE
Myricaria germanica,TRUE
Turgenia latifolia,TRUE
Linaceae,TRUE
Olea europaea,TRUE
Quercus canariensis,TRUE
Quercus suber,TRUE
Centaurea undiff.,TRUE
Knautia arvensis-type,TRUE
Lycopus,TRUE
Scleranthus annuus-type,TRUE
Sorbus torminalis,TRUE
Sorbus torminalis,TRUE
Angelica sylvestris,TRUE
Athamanta cretensis,TRUE
Lonicera alpigena,TRUE
Acanthus,TRUE
Coriaria,TRUE
Cyperus capitatus,TRUE
Gentiana verna,TRUE
Ranunculus lanuginosus,TRUE
Stellaria holostea-type,TRUE
Centaurea solstitialis-type,TRUE
Cistus albidus-type,TRUE
Fraxinus angustifolia-type,TRUE
Marrubium,TRUE
Myrtus,TRUE
Plantago lagopus-type,TRUE
Quercus (deciduous-type),TRUE
Quercus (evergreen-type),TRUE
Crepis,TRUE
Hypericum elodes,TRUE
Rumex hydrolapathum,TRUE
Verbena,TRUE
Armeria maritima,TRUE
Atropa belladonna,TRUE
Borago,TRUE
Limonium,TRUE
Resedaceae,TRUE
Spartium,TRUE
Viola tricolor,TRUE
Calystegia sepium-type,TRUE
Dioscorea,TRUE
Plantago pro parte,TRUE
Ammi,TRUE
Atriplex,TRUE
Calendula,TRUE
Draba,TRUE
Rosaceae (type A),TRUE
Rosaceae (type B),TRUE
Androsace alpina-type,TRUE
Chrysosplenium undiff.,TRUE
Lamium album-type,TRUE
Narcissus pseudonarcissus-type,TRUE
Saxifraga hirculus-type,TRUE
Helleborus viridis-type,TRUE
Boraginaceae undiff.,TRUE
Tozzia alpina,TRUE
Caryophyllaceae pro parte,TRUE
Euphorbia cf. E. palustris,TRUE
Fabaceae pro parte,TRUE
Lamiaceae pro parte,TRUE
Liliaceae pro parte,TRUE
Melampyrum pratense,TRUE
Poaceae pro parte,TRUE
Ranunculaceae pro parte,TRUE
Rosaceae pro parte,TRUE
Muscari,TRUE
Gentiana lutea,TRUE
Centaurea cf. C. cyanus-type,TRUE
Centaurea cf. C. nigra-type,TRUE
Centaurea cf. C. scabiosa-type,TRUE
Quercus undiff.,TRUE
Andromeda polifolia,TRUE
Eupatorium,TRUE
Sison amomum,TRUE
Sium latifolium-type,TRUE
Torilis nodosa,TRUE
Trinia glauca,TRUE
Betula humilis,TRUE
Caprifoliaceae,TRUE
Lamiaceae (hexacolpate),TRUE
Lamiaceae (tricolpate),TRUE
Psylliostachys spicata,TRUE
Rumex cf. R. hydrolapathum,TRUE
Zygophyllum,TRUE
Clematis,TRUE
Dioscorea communis,TRUE
Lonicera nigra,TRUE
Maianthemum bifolium,TRUE
Saxifraga hirsuta-type,TRUE
Silaum silaus,TRUE
Linum undiff.,TRUE
Myricaria germanica-type,TRUE
Bistorta vivipara-type,TRUE
Cerastium fontanum,TRUE
Aesculus hippocastanum,TRUE
Nicotiana,TRUE
Laserpitium latifolium-type,TRUE
Meum athamanticum,TRUE
Cornus mas/C. suecica,TRUE
Ericales (tetrad),TRUE
Acer campestre,TRUE
Anthriscus caucalis,TRUE
Hypericum undiff.,TRUE
Polemonium caeruleum,TRUE
Sagina cf. S. nodosa,TRUE
Sorbus aria,TRUE
Aethusa cynapium,TRUE
Agrostemma,TRUE
Arnica,TRUE
Carum carvi-type,TRUE
Chaerophyllum,TRUE
Conium maculatum,TRUE
Inula,TRUE
Pastinaca sativa,TRUE
Peucedanum palustre,TRUE
Primula veris-type,TRUE
Ranunculus flammula,TRUE
Scandix pecten-veneris,TRUE
Silene viscaria-type,TRUE
Sium,TRUE
Swertia perennis,TRUE
Torilis japonica,TRUE
Buglossoides arvensis,TRUE
Eryngium campestre,TRUE
Primulaceae undiff.,TRUE
Orthilia,TRUE
Digitalis purpurea-type,TRUE
Erica ciliaris-type,TRUE
Lythrum salicaria-type,TRUE
Poaceae (annulus >10 µm),TRUE
Rumex sanguineus-type,TRUE
Solidago virgaurea-type,TRUE
Anagallis tenella,TRUE
Crassulaceae undiff.,TRUE
Myosotis arvensis,TRUE
Poaceae (<37 µm),TRUE
Andromeda,TRUE
Crataegus monogyna,TRUE
Plantago tenuiflora,TRUE
Umbilicus rupestris,TRUE
Vicia sylvatica,TRUE
Monotropa,TRUE
Anemone alpina,TRUE
Anemone alpina,TRUE
Ligusticum,TRUE
Peucedanum,TRUE
Plantago montana,TRUE
Plantago montana,TRUE
Polygala vulgaris-type,TRUE
Ranunculus aconitifolius,TRUE
Seseli,TRUE
Homogyne alpina,TRUE
Xanthium spinosum-type,TRUE
Oenanthe fistulosa-type,TRUE
Plantago atrata,TRUE
Pseudofumaria lutea-type,TRUE
Rumex alpinus-type,TRUE
Scabiosa columbaria-type,TRUE
Staphylea pinnata,TRUE
Succisa pratensis-type,TRUE
Trachycarpus fortunei,TRUE
Tribulus terrestris,TRUE
Viola canina-type,TRUE
Berula erecta,TRUE
Morus alba-type,TRUE
Artemisia herba-alba-type,TRUE
Artemisia vulgaris-type,TRUE
Betulaceae,TRUE
Cotinus coggygria,TRUE
Loranthus,TRUE
Paliurus,TRUE
Ranunculus repens-type,TRUE
Ranunculus sceleratus-type,TRUE
Rubus fruticosus,TRUE
Adonis,TRUE
Armeria (type A),TRUE
Armeria (type B),TRUE
Glaux,TRUE
Glaux,TRUE
Trifolium undiff.,TRUE
Malva sylvestris-type,TRUE
Pinus pinaster,TRUE
Quercus pyrenaica-type,TRUE
Urtica dioica-type,TRUE
Amaranthus,TRUE
Anemone hortensis-type,TRUE
Asparagus,TRUE
Asphodelus fistulosus,TRUE
Bituminaria bituminosa,TRUE
Borago officinalis,TRUE
Chamaerops humilis,TRUE
Citrus,TRUE
Cynoglossum officinale-type,TRUE
Dorycnium,TRUE
Fedia cornucopiae,TRUE
Ficus carica,TRUE
Gypsophila arrostii,TRUE
Helleborus viridis,TRUE
Ornithopus,TRUE
Phlomis,TRUE
Rumex scutatus-type,TRUE
Saxifraga tridactylitis-type,TRUE
Sideritis,TRUE
Simethis planifolia,TRUE
Tamarix,TRUE
Tuberaria,TRUE
Urtica membranacea-type,TRUE
Urtica pilulifera,TRUE
Zelkova,TRUE
Aruncus,TRUE
Astrantia,TRUE
Bartsia,TRUE
Filipendula ulmaria,TRUE
Gnaphalium,TRUE
Pedicularis palustris,TRUE
Ribes alpinum,TRUE
Silene vulgaris,TRUE
Veratrum album,TRUE
Ailanthus,TRUE
Centaurea solstitialis,TRUE
Radiola linoides,TRUE
Consolida,TRUE
Delphinium,TRUE
Nonea,TRUE
Orlaya,TRUE
Pulmonaria obscura,TRUE
Alkanna,TRUE
Gentiana purpurea-type,TRUE
Globularia,TRUE
Gentianella tenella-type,TRUE
Rubus fruticosus-type,TRUE
Vicia faba-type,TRUE
Cistus ladanifer-type,TRUE
Colchicum,TRUE
Gentiana verna-type,TRUE
Glyceria,TRUE
Hordelymus,TRUE
Lonicera caerulea,TRUE
Colchicum autumnale-type,TRUE
Polygonum oxyspermum,TRUE
Primula integrifolia-type,TRUE
Angelica archangelica-type,TRUE
Angelica palustris-type,TRUE
Apium nodiflorum,TRUE
Apium nodiflorum,TRUE
Asphodelus albus,TRUE
Carum verticillatum,TRUE
Chaerophyllum temulum,TRUE
Colchicum montanum,TRUE
Cytisus grandiflorus,TRUE
Dianthus lusitanus-type,TRUE
Fraxinus angustifolia,TRUE
Fritillaria lusitanica,TRUE
Gagea nevadensis,TRUE
Gentiana lutea/G. pneumonanthe,TRUE
Laserpitium,TRUE
Lythrum undiff.,TRUE
Minuartia recurva,TRUE
Narcissus bulbocodium,TRUE
Paronychia polygonifolia-type,TRUE
Pedicularis sylvatica,TRUE
Physospermum cornubiense,TRUE
Pimpinella anisum,TRUE
Pimpinella saxifraga-type,TRUE
Plantago coronopus sensu stricto,TRUE
Plantago subulata-type,TRUE
Sanguisorba officinalis-type,TRUE
Selinum carvifolia,TRUE
Seseli libanotis-type,TRUE
Silaum silaus-type,TRUE
Silene ciliata-type,TRUE
Silene foetida-type,TRUE
Torilis arvensis-type,TRUE
Trinia glauca-type,TRUE
Hedysarum cf. H. hedysaroides,TRUE
Vaccinium myrtillus,TRUE
Centaurea stoebe,TRUE
Juglandaceae,TRUE
Matthiola,TRUE
Trifolium arvense,TRUE
Valeriana tripteris,TRUE
Empetrum hermaphroditum,TRUE
Erica cinerea,TRUE
Faboideae undiff.,TRUE
Geum cf. G. rivale,TRUE
Geum cf. G. urbanum,TRUE
Lotus cf. L. corniculatus,TRUE
Lotus pedunculatus-type,TRUE
Saxifraga cf. S. cespitosa,TRUE
Ranunculus sceleratus/R. repens,TRUE
Silene nutans,TRUE
Swertia,TRUE
Teucrium chamaedrys,TRUE
Lycopus europaeus,TRUE
Oleaceae undiff.,TRUE
Conium maculatum-type,TRUE
Pimpinella saxifraga,TRUE
Viscum album sensu lato,TRUE
Abies undiff.,TRUE
Centaurium pulchellum,TRUE
Chaerophyllum hirsutum,TRUE
Gratiola officinalis,TRUE
Onobrychis viciifolia,TRUE
Torilis,TRUE
Aethusa cynapium-type,TRUE
Carum,TRUE
Caucalis platycarpos,TRUE
Centaurium pulchellum-type,TRUE
Foeniculum vulgare,TRUE
Meum athamanticum-type,TRUE
Monotropa hypopitys,TRUE
Peucedanum palustre-type,TRUE
Pleurospermum austriacum-type,TRUE
Ruta graveolens,TRUE
Sambucus undiff.,TRUE
Scrophulariaceae pro parte,TRUE
Torilis japonica-type,TRUE
Aphanes,TRUE
Astrantia major-type,TRUE
Ballota,TRUE
Campanula trachelium-type,TRUE
Datura stramonium,TRUE
Descurainia sophia,TRUE
Kickxia,TRUE
Microrrhinum minus,TRUE
Pisum sativum,TRUE
Ephedra strobilacea-type,TRUE
Apium inundatum-type,TRUE
Corydalis pumila-type,TRUE
Eryngium campestre-type,TRUE
Ornithogalum umbellatum-type,TRUE
Pedicularis verticillata-type,TRUE
Teucrium chamaedrys-type,TRUE
Turgenia latifolia-type,TRUE
Viola tricolor-type,TRUE
Berula erecta-type,TRUE
Lythrum portula-type,TRUE
Agrimonia eupatoria-type,TRUE
Aphanes arvensis-type,TRUE
Ballota group,TRUE
Descurainia sophia-type,TRUE
Eupatorium cannabinum-type,TRUE
Geranium pratense-type,TRUE
Impatiens noli-tangere,TRUE
Liriodendron tulipifera,TRUE
Lonicera periclymenum-type,TRUE
Mercurialis undiff.,TRUE
Narcissus poeticus-type,TRUE
Sagina nodosa group,TRUE
Silene viscaria,TRUE
Silene viscaria,TRUE
Mercurialis annua-type,TRUE
Alchemilla cf. A. glabra,TRUE
Gentiana nivalis-type,TRUE
Helianthemum cf. H. canum,TRUE
Oxyria digyna-type,TRUE
Penthorum sedoides,TRUE
Vicia cf. V. cracca,TRUE
Betula sect. Apterocaryon,TRUE
Betula sect. Betula,TRUE
Bromus,TRUE
Plantago maritima/P. alpina,TRUE
Polemonium boreale,TRUE
Trifolium striatum-type,TRUE
Loranthaceae,TRUE
Bupleurum ranunculoides,TRUE
Pulmonaria officinalis,TRUE
Thymus,TRUE
Cannabaceae sensu stricto,TRUE
Erica cf. E. tetralix,TRUE
Persicaria cf. P. maculosa,TRUE
Elymus,TRUE
Centaurea depressa-type,TRUE
Artemisia campestris-type,TRUE
Artemisia undiff.,TRUE
Droseraceae,TRUE
Rubus idaeus-type,TRUE
Polemoniaceae,TRUE
Hypericum calycinum-type,TRUE
Sedum acre,TRUE
Rosaceae (trees) undiff.,TRUE
Viburnum cf. V. opulus,TRUE
Fallopia cf. F. convolvulus,TRUE
Micranthes nivalis/M. tenuis,TRUE
Rubus cf. R. saxatilis,TRUE
Quercus (evergreen),TRUE
Polygonum aviculare/Bistorta officinalis,TRUE
Pistacia terebinthus,TRUE
Polygonoideae pro parte,TRUE
Adonis aestivalis-type,TRUE
Alchemilla group,TRUE
Anemone coronaria,TRUE
Arum,TRUE
Ceratonia siliqua,TRUE
Genista group,TRUE
Liliaceae sensu lato,TRUE
Lomelosia argentea-type,TRUE
Platanus orientalis,TRUE
Polycnemum,TRUE
Ranunculus lanuginosus-type,TRUE
Rhinanthus group,TRUE
Sorbus group,TRUE
Corrigiola litoralis-type,TRUE
Echium vulgare-type,TRUE
Erica australis-type,TRUE
Erica umbellata-type,TRUE
Erica undiff.,TRUE
Geranium molle-type,TRUE
Hypecoum,TRUE
Illecebrum verticillatum-type,TRUE
Montia fontana-type,TRUE
Trollius europaeus-type,TRUE
Aconitum napellus-type,TRUE
Arenaria serpyllifolia-type,TRUE
Blackstonia perfoliata-type,TRUE
Circaea lutetiana-type,TRUE
Corrigiola telephiifolia-type,TRUE
Daucus carota-type,TRUE
Dipsacus fullonum-type,TRUE
Erodium cicutarium-type,TRUE
Filipendula vulgaris-type,TRUE
Hedera helix-type,TRUE
Humulus lupulus-type,TRUE
Ligustrum vulgare-type,TRUE
Limonium humile-type,TRUE
Moehringia trinervia-type,TRUE
Phillyrea angustifolia-type,TRUE
Pinguicula vulgaris-type,TRUE
Sagina procumbens-type,TRUE
Viburnum lantana-type,TRUE
Crocus vernus,TRUE
Heliotropium,TRUE
Smyrnium,TRUE
Ranunculus glacialis-type,TRUE
Silene cf. S. acaulis,TRUE
Aconitum lycoctonum subsp. septentrionale,TRUE
Polygonum oxyspermum-type,TRUE
Secale (primitive),TRUE
Triticum spelta-type,TRUE
Poaceae (>40 µm),TRUE
Crassula,TRUE
Gentiana punctata,TRUE
Geum rivale,TRUE
Ericaceae cf. Cassiope,TRUE
Artemisia norvegica-type,TRUE
Poaceae (annulus 8-10 µm),TRUE
Saxifraga cernua/S. rivularis,TRUE
Cornus undiff.,TRUE
Corydalis cava-type,TRUE
Lavandula,TRUE
Blackstonia,TRUE
Erica ciliaris,TRUE
Cardamine,TRUE
Chamaerops,TRUE
Ephedra cf. E. fragilis,TRUE
Ephedra undiff.,TRUE
Falcaria,TRUE
Pinus halepensis,TRUE
Radiola,TRUE
Smilax,TRUE
Thymelaea,TRUE
Ziziphus,TRUE
Corrigiola litoralis,TRUE
Cyclamen purpurascens,TRUE
Adenostyles alliariae,TRUE
Anemone nemorosa group,TRUE
Anthemis arvensis-type,TRUE
Gypsophila repens,TRUE
Petasites hybridus-type,TRUE
Primula clusiana-type,TRUE
Ranunculus acris/R. flammula/R. sceleratus group,TRUE
Androsace elongata-type,TRUE
Ribes uva-crispa,TRUE
Tripolium pannonicum subsp. tripolium-type,TRUE
Triticum undiff.,TRUE
Orthilia secunda,TRUE
Taraxacum officinale,TRUE
"Caryophyllaceae (periporate, excluding Paronychioideae)",TRUE
Juniperus communis-type,TRUE
Cannabis sativa-type,TRUE
"Poaceae (Cerealia, 37-40 µm)",TRUE
"Poaceae (Cerealia, 40-50 µm)",TRUE
"Poaceae (Cerealia, >50 µm)",TRUE
Vicia faba,TRUE
Festuca,TRUE
Rosaceae (herbs) undiff.,TRUE
Quercus faginea-type,TRUE
Scilla,TRUE
Filago,TRUE
Ricinus communis,TRUE
Spartium junceum,TRUE
Moraceae,TRUE
Plantago cf. P. lanceolata,TRUE
Rubus chamaemorus-type,TRUE
Cistus undiff.,TRUE
Quercus ilex/Q. coccifera-type,TRUE
Rubiaceae cf. Galium,TRUE
Valeriana undiff.,TRUE
Vitex agnus-castus,TRUE
Ephedra major-type,TRUE
Roemeria,TRUE
Ruta,TRUE
Crocus,TRUE
Nerium,TRUE
Ephedra major subsp. major,TRUE
Pinus nigra-type,TRUE
Lygeum,TRUE
Myrtaceae,TRUE
Balsaminaceae,TRUE
Cotoneaster,TRUE
Ficaria,TRUE
Helianthemum marifolium,TRUE
Hyoscyamus,TRUE
Lotus undiff.,TRUE
Malvaceae undiff.,TRUE
Phacelia,TRUE
Poaceae (>37 µm),TRUE
Primula elatior-type,TRUE
Sagina apetala-type,TRUE
Saponaria,TRUE
Scrophularia nodosa-type,TRUE
Viola odorata-type,TRUE
Alchemilla pentaphyllea,TRUE
Hypericum elodes-type,TRUE
Lupinus,TRUE
Ailanthus altissima,TRUE
Angelica archangelica,TRUE
Anthericum liliago,TRUE
Anthriscus cerefolium,TRUE
Arctium lappa-type,TRUE
Campanula rapunculoides,TRUE
Cicer arietinum,TRUE
Colchicum autumnale,TRUE
Geranium molle group,TRUE
Geranium pratense group,TRUE
Hyoscyamus niger,TRUE
Larix decidua-type,TRUE
Magnoliaceae,TRUE
Medicago lupulina-type,TRUE
Medicago sativa-type,TRUE
Polygala comosa-type,TRUE
Polygonatum odoratum-type,TRUE
Rubus undiff.,TRUE
Salvia pratensis-type,TRUE
Vicia hirsuta/V. tetrasperma,TRUE
Lysimachia nemorum-type,TRUE
Caprifoliaceae undiff.,TRUE
Asteraceae undiff. (type 2),TRUE
Asteraceae (echinate),TRUE
Cedrus atlantica,TRUE
Cupressus,TRUE
Daphne gnidium,TRUE
Quercus canariensis/Q. pyrenaica,TRUE
Quercus ilex/Q. coccifera,TRUE
Pinguicula cf. P. vulgaris,TRUE
Scleranthus cf. S. perennis,TRUE
Asperula,TRUE
Centaurium erythraea,TRUE
Fumaria officinalis,TRUE
Theligonum,TRUE
Taraxacum,TRUE
Alnus subg. Alnobetula,TRUE
Carpinus betulus-type,TRUE
Aristolochia,TRUE
Orobanchaceae,TRUE
Quercus faginea,TRUE
Anagallis arvensis-type,TRUE
Cichorium intybus-type,TRUE
Poaceae (annulus 10-12 µm),TRUE
Cornus suecica-type,TRUE
Malus sylvestris,TRUE
Poterium sanguisorba subsp. sanguisorba,TRUE
Narcissus,TRUE
Cistaceae undiff.,TRUE
Amaranthaceae (broken),TRUE
Amaranthaceae (crumpled),TRUE
Asteraceae undiff. (broken),TRUE
Asteraceae undiff. (crumpled),TRUE
Cedrus (broken),TRUE
Cedrus (crumpled),TRUE
Cedrus (degraded),TRUE
Cyperaceae (broken),TRUE
Cyperaceae (corroded),TRUE
Cyperaceae (crumpled),TRUE
Cyperaceae (degraded),TRUE
Fraxinus ornus-type,TRUE
Oleaceae (broken),TRUE
Oleaceae (crumpled),TRUE
Oleaceae (obscured),TRUE
Pinaceae (broken),TRUE
Pinaceae (corroded),TRUE
Pinaceae (crumpled),TRUE
Pinaceae (degraded),TRUE
Pinaceae (obscured),TRUE
Pinus (broken),TRUE
Pinus (corroded),TRUE
Pinus (crumpled),TRUE
Pinus (degraded),TRUE
Pinus (fragmented),TRUE
Poaceae (broken),TRUE
"Poaceae (Cerealia-type, broken)",TRUE
"Poaceae (Cerealia-type, corroded)",TRUE
"Poaceae (Cerealia-type, crumpled)",TRUE
Poaceae (corroded),TRUE
Poaceae (crumpled),TRUE
Poaceae (degraded),TRUE
Quercus coccifera-type,TRUE
Quercus coccifera-type (broken),TRUE
Quercus coccifera-type: corroded,TRUE
Quercus coccifera-type (crumpled),TRUE
Quercus undiff. (broken),TRUE
Quercus undiff. (corroded),TRUE
Quercus undiff. (crumpled),TRUE
Quercus undiff. (degraded),TRUE
Quercus undiff. (obscured),TRUE
Anagallis tenella-type,TRUE
Arnoseris,TRUE
Cicendia filiformis,TRUE
Cistus monspeliensis-type,TRUE
Erica scoparia-type,TRUE
Frankenia,TRUE
Fumaria officinalis-type,TRUE
Gynandriris sisyrinchium,TRUE
Halimium halimifolium-type,TRUE
Helianthemum croceum-type,TRUE
Tuberaria guttata,TRUE
Actaea spicata,TRUE
Aegopodium podagraria,TRUE
Anemone pulsatilla-type,TRUE
Anethum graveolens,TRUE
Fragaria,TRUE
Iris germanica-type,TRUE
Legousia,TRUE
Leucojum,TRUE
Robinia pseudoacacia,TRUE
Vaccaria hispanica,TRUE
Viburnum opulus/V. tinus,TRUE
Carya glabra-type,TRUE
Carya tomentosa-type,TRUE
Anemone subg. Anemone,TRUE
Artemisia alba-type,TRUE
Lathyrus linifolius-type,TRUE
Potentilla erecta,TRUE
Centaurea jacea/C. nigra-type,TRUE
Lamium amplexicaule-type,TRUE
Lamium purpureum var. hybridum-type,TRUE
Polygonum cognatum,TRUE
Rumex conglomeratus,TRUE
Teucrium pyrenaicum-type,TRUE
Urtica atrovirens,TRUE
Geranium columbinum-type,TRUE
Geranium pusillum-type,TRUE
Amaryllidaceae,TRUE
Cercis,TRUE
Chenopodium sp.,TRUE
Convolvulus undiff.,TRUE
Cyclamen,TRUE
Dracunculus,TRUE
Gentiana undiff.,TRUE
Mesembryanthemum,TRUE
Oenothera,TRUE
Paeonia,TRUE
Plantago lanceolata/P. lagopus,TRUE
Prunus sp.,TRUE
Punica granatum,TRUE
Rumex subg. Emex,TRUE
Sarcopoterium spinosum/Poterium sanguisorba,TRUE
Senecio sp.,TRUE
Styrax,TRUE
Urtica pilulifera-type,TRUE
Arnoseris minima,TRUE
Caryophyllaceae (porate),TRUE
Conopodium majus,TRUE
Artemisia sp.,TRUE
Capsella,TRUE
Gentianella sp.,TRUE
Ranunculus glacialis,TRUE
Sonchus,TRUE
Primula scandinavica-type,TRUE
Sorbus cf. S. aucuparia,TRUE
Linnaea,TRUE
Rumex sp.,TRUE
Avena sativa,TRUE
Linum bienne-type,TRUE
Sorbus sp.,TRUE
Thalictrum flavum,TRUE
Triticum aestivum,TRUE
Vaccinium sp.,TRUE
Plantago cf. P. major,TRUE
Vaccinium uliginosum,TRUE
Vaccinium vitis-idaea,TRUE
Apiaceae cf. Pleurospermum,TRUE
Ericaceae cf. Vaccinium,TRUE
Rosaceae cf. Prunus,TRUE
Rosaceae cf. Sorbus,TRUE
Dipsacaceae undiff.,TRUE
Hordeum group,TRUE
Atriplex sp.,TRUE
Centaurea sp.,TRUE
Chrysosplenium alternifolium,TRUE
Helianthemum sp.,TRUE
Krascheninnikovia ceratoides,TRUE
Salsola sp.,TRUE
Thalictrum sp.,TRUE
Medicago lupulina,TRUE
Trifolium montanum-type,TRUE
Pinus cembroides,TRUE
Angelica,TRUE
Dictamnus albus,TRUE
Pinus (haplostellate),TRUE
Sanicula,TRUE
Tussilago,TRUE
Kalmia,TRUE
Minuartia,TRUE
Pinus strobus-type,TRUE
Pyrus,TRUE
Kalmia procumbens,TRUE
Fragaria vesca,TRUE
Pinus mugo,TRUE
Pinus nigra,TRUE
Ajuga,TRUE
Lotus sp.,TRUE
Melilotus,TRUE
Sambucus racemosa-type,TRUE
Morus nigra,TRUE
Centaurea aspera-type,TRUE
Cirsium cf. C. palustre,TRUE
Cyanus triumfettii,TRUE
Liliales,TRUE
Pinus mugo/P. sylvestris,TRUE
Plantago maritima subsp. serpentina,TRUE
Plantago maritima subsp. serpentina,TRUE
Polycarpon tetraphyllum,TRUE
Ranunculus fluitans-type,TRUE
Sesamoides,TRUE
Solanum dulcamara/Sedum,TRUE
Thalictrum minus,TRUE
Valeriana tuberosa,TRUE
Aconitum group,TRUE
Anemone pulsatilla,TRUE
Anemone pulsatilla,TRUE
Anemone pulsatilla group,TRUE
Anemone pulsatilla group,TRUE
Consolida ambigua-type,TRUE
Frangula alnus-type,TRUE
Gratiola,TRUE
Limonium vulgare (type A),TRUE
Ribes rubrum-type,TRUE
Sison amomum-type,TRUE
Solanum dulcamara-type,TRUE
Empetrum nigrum-type,TRUE
Prunella vulgaris-type,TRUE
Amaranthaceae (small),TRUE
Apiaceae (apiculate),TRUE
Apiaceae (large),TRUE
Apiaceae (medium),TRUE
Apiaceae (small),TRUE
Caryophyllaceae (large),TRUE
Caryophyllaceae (small),TRUE
Pinus (large),TRUE
Pinus (small),TRUE
Poaceae (small),TRUE
Quercus rotundifolia,TRUE
Symphoricarpos,TRUE
Lotus maritimus,TRUE
Trifolium pannonicum,TRUE
"Poaceae (Cerealia-type, indeterminable)",TRUE
Centaurea pro parte,TRUE
Cistus pro parte,TRUE
Plantago altissima-type,TRUE
Plantago argentea-type,TRUE
Plantago carinata-type,TRUE
Quercus pro parte,TRUE
Alnus viridis subsp. suaveolens,TRUE
Pinus laricio,TRUE
Pinus laricio,TRUE
Pinus maritima,TRUE
Pinus maritima,TRUE
Pinus maritima,TRUE
Coriaria myrtifolia,TRUE
Linum cf. L. usitatissimum,TRUE
Papaver rhoeas,TRUE
Convolvulaceae undiff.,TRUE
Cornus subg. Thelycrania,TRUE
Lythraceae undiff.,TRUE
Cousinia,TRUE
Lomelosia rotata-type,TRUE
Arctous alpina/A. rubra,TRUE
Elaeagnus commutata,TRUE
Picea glauca,TRUE
Picea mariana,TRUE
Iva annua,TRUE
Cassiope,TRUE
Cnidium,TRUE
Dodecatheon,TRUE
Douglasia,TRUE
Lagotis glauca,TRUE
Lesquerella,TRUE
Pedicularis lanceolata,TRUE
Plantago canescens,TRUE
Mertensia,TRUE
Acer cf. A. negundo,TRUE
Lewisia,TRUE
Polygonum californicum-type,TRUE
Cornus canadensis,TRUE
Cornus racemosa,TRUE
Fraxinus nigra,TRUE
Fraxinus pennsylvanica,TRUE
Pinus contorta,TRUE
Acer circinatum-type,TRUE
Acer macrophyllum-type,TRUE
Bistorta bistortoides-type,TRUE
Cornus canadensis-type,TRUE
Lysichiton,TRUE
Alnus (pentaporate),TRUE
Alnus (tetraporate),TRUE
Amorpha,TRUE
Gilia,TRUE
Pedicularis contorta-type,TRUE
Pedicularis groenlandica-type,TRUE
Polygonum californicum,TRUE
Ribes lacustre,TRUE
Ribes montigenum,TRUE
Ribes undiff.,TRUE
Juglans cinerea-type,TRUE
Pinus banksiana/P. resinosa,TRUE
Zanthoxylum,TRUE
Acer saccharinum,TRUE
Cornus florida,TRUE
Itea,TRUE
Juglans undiff.,TRUE
Liriodendron,TRUE
Persicaria hydropiper-type,TRUE
Sanguisorba canadensis,TRUE
Ephedra torreyana-type,TRUE
Lamiaceae cf. Stachys,TRUE
Dalea candida,TRUE
Dalea purpurea-type,TRUE
Pinus banksiana,TRUE
Micranthes foliolosa-type,TRUE
Micranthes hieraciifolia-type,TRUE
Plantago canescens-type,TRUE
Saxifraga tricuspidata-type,TRUE
Micranthes foliolosa,TRUE
Fraxinus americana,TRUE
Myricaceae undiff.,TRUE
Picea cf. P. glauca,TRUE
Picea cf. P. mariana,TRUE
Pinus det. P. banksiana/P. resinosa,TRUE
Pinus det. P. strobus,TRUE
Abies lasiocarpa,TRUE
Acer glabrum,TRUE
Agoseris glauca-type,TRUE
Cornus sericea,TRUE
Solidago canadensis,TRUE
Betula (shrub),TRUE
Betula (small),TRUE
Pinus subg. Pinus undiff.,TRUE
Acer macrophyllum,TRUE
Alnus rubra,TRUE
Alnus viridis subsp. sinuata,TRUE
Alnus (hexaporate),TRUE
Chrysolepis,TRUE
Nyctaginaceae,TRUE
Onagraceae undiff.,TRUE
Pinus edulis,TRUE
Pinus flexilis,TRUE
Pinus ponderosa,TRUE
Pinus aristata,TRUE
Myricaceae,TRUE
Alnus viridis subsp. crispa-type,TRUE
Caryophyllaceae cf. Dianthus,TRUE
Ranunculus pensylvanicus-type,TRUE
Asteraceae (high spine),TRUE
Asteraceae (low spine),TRUE
Fraxinus pennsylvanica/F. americana-type,TRUE
Acalypha,TRUE
Chamaecyparis thyoides,TRUE
Fagaceae,TRUE
Pseudotsuga menziesii,TRUE
Acer circinatum,TRUE
Alnus rubra-type,TRUE
Robinia,TRUE
Menispermaceae,TRUE
Mitella,TRUE
Planera aquatica,TRUE
Actaea rubra,TRUE
Mitchella repens,TRUE
Allenrolfea occidentalis,TRUE
Ephedra nevadensis,TRUE
Ephedra viridis,TRUE
Comarum palustre-type,TRUE
Fagus grandifolia,TRUE
Viburnum edule,TRUE
Betula glandulosa,TRUE
Adenostoma fasciculatum,TRUE
Adenostoma sparsifolium,TRUE
Pinus jeffreyi-type,TRUE
Quercus chrysolepis,TRUE
Trillium,TRUE
Pinus monticola-type,TRUE
Castanopsis,TRUE
Garrya,TRUE
Navarretia,TRUE
Alnus (triporate),TRUE
Pinus monticola,TRUE
Purshia,TRUE
Celtis occidentalis,TRUE
Platanus occidentalis,TRUE
Quercus vaccinifolia-type,TRUE
Apocynaceae,TRUE
Araceae,TRUE
Leptospermum,TRUE
Ulmaceae,TRUE
Alnus viridis subsp. sinuata-type,TRUE
Arecaceae,TRUE
Camassia,TRUE
Elaeagnaceae,TRUE
Sequoiadendron,TRUE
Larix laricina,TRUE
Nemopanthus,TRUE
Taxus canadensis,TRUE
Tilia americana,TRUE
Viburnum nudum,TRUE
Liquidambar styraciflua,TRUE
Iva,TRUE
Lysichiton americanus,TRUE
Castilleja,TRUE
Cryptantha,TRUE
Erodium cicutarium,TRUE
Gossypium,TRUE
Kallstroemia,TRUE
Larrea,TRUE
Linanthus,TRUE
Vitaceae,TRUE
Prunus pensylvanica,TRUE
Prunus undiff.,TRUE
Rhus typhina-type,TRUE
Tsuga undiff.,TRUE
Nyssa sylvatica,TRUE
Suaeda calceoliformis,TRUE
Arceuthobium pusillum,TRUE
Chamaesyce,TRUE
Hudsonia,TRUE
Lycium,TRUE
Chamaebatiaria millefolium,TRUE
Monardella,TRUE
Iris versicolor,TRUE
Actaea,TRUE
Berberis repens,TRUE
Leptosiphon,TRUE
Commelinaceae,TRUE
Fraxinus americana-type,TRUE
Morus rubra-type,TRUE
Pedicularis undiff.,TRUE
Aralia hispida,TRUE
Cornus alternifolia,TRUE
Maclura pomifera-type,TRUE
Fraxinus latifolia,TRUE
Shepherdia canadensis-type,TRUE
Taxus brevifolia,TRUE
Ceratiola ericoides,TRUE
Arceuthobium americanum,TRUE
Betula det. shrub,TRUE
Betula det. tree,TRUE
Picea det. P. glauca,TRUE
Picea det. P. mariana,TRUE
Impatiens capensis,TRUE
Caltha leptosepala,TRUE
Coptis aspleniifolia,TRUE
Gentiana douglasiana,TRUE
Avicennia,TRUE
Coccoloba,TRUE
Conocarpus,TRUE
Forestiera,TRUE
Laguncularia,TRUE
Rhizophora,TRUE
Sapindaceae undiff.,TRUE
Toxicodendron radicans,TRUE
Nemopanthus mucronatus,TRUE
Nemopanthus mucronatus,TRUE
Pinus resinosa-type,TRUE
Prunus virginiana,TRUE
Rosaceae cf. Prunus serotina,TRUE
Salix vestita-type,TRUE
Acer nigrum,TRUE
Carya cordiformis,TRUE
Populus deltoides-type,TRUE
Agastache,TRUE
Cistanthe,TRUE
Polygonum sect. Duravia,TRUE
Ranunculus orthorhynchus,TRUE
Iva undiff.,TRUE
Lagotis,TRUE
Salix reticulata-type,TRUE
Agave,TRUE
Allionia,TRUE
Canotia,TRUE
Fouquieria,TRUE
Hydrophyllaceae,TRUE
Mimosa,TRUE
Prosopis,TRUE
Simmondsia chinensis,TRUE
Yucca,TRUE
Campanula rotundifolia-type,TRUE
Gaura,TRUE
Gaura,TRUE
Momipites,TRUE
Ranunculaceae (pericolpate),TRUE
Ranunculaceae (tricolpate) undiff.,TRUE
Dicentra,TRUE
Menispermum,TRUE
Fritillaria camschatcensis,TRUE
Oplopanax horridus,TRUE
Picea sitchensis,TRUE
Populus trichocarpa,TRUE
Sanguisorba stipulata,TRUE
Alternanthera,TRUE
Filipendula rubra,TRUE
Polygonum subsect. Polygonella,TRUE
Arabis,TRUE
Chamaedaphne,TRUE
Hamamelis,TRUE
Maianthemum,TRUE
Hamamelidaceae,TRUE
Platanaceae,TRUE
Symphoricarpos albus,TRUE
Circaea alpina,TRUE
Claytonia acutifolia,TRUE
Pinus aristata-type,TRUE
Pinus ponderosa-type,TRUE
Berchemia scandens,TRUE
Calycanthus,TRUE
Cephalanthus occidentalis,TRUE
Fraxinus quadrangulata/F. nigra-type,TRUE
Prunus americana-type,TRUE
Prunus virginiana-type,TRUE
Viburnum acerifolium-type,TRUE
Viburnum lentago-type,TRUE
Chamaedaphne calyculata,TRUE
Gaultheria,TRUE
Gaylussacia,TRUE
Lithocarpus,TRUE
Maclura,TRUE
Anemone patens,TRUE
Anemone patens,TRUE
Anemone quinquefolia-type,TRUE
Asteraceae cf. Cirsium,TRUE
Calylophus,TRUE
Mentzelia,TRUE
Picea indet.,TRUE
Polygonum ramosissimum-type,TRUE
Tsuga canadensis-type,TRUE
Viburnum rafinesquianum-type,TRUE
Leitneria floridana,TRUE
Ephedra (branched folds),TRUE
Ephedra (simple folds),TRUE
Pinus subg. Strobus (large),TRUE
Pinus subg. Strobus (small),TRUE
Zygophyllaceae,TRUE
Ephedraceae,TRUE
Cassiope tetragona,TRUE
Cannabaceae sensu stricto undiff.,TRUE
Quercus vaccinifolia,TRUE
Rutaceae,TRUE
Betula glandulosa-type,TRUE
Grossulariaceae,TRUE
Populus grandidentata-type,TRUE
Coptis,TRUE
Fritillaria,TRUE
Populus cf. P. tremuloides,TRUE
Thuja,TRUE
Conioselinum,TRUE
Valeriana sitchensis,TRUE
Rosaceae (>20 µm),TRUE
Rosaceae (<20 µm),TRUE
Rosaceae cf. Holodiscus,TRUE
Vaccinium uliginosum-type,TRUE
Comptonia peregrina,TRUE
Viburnum alnifolium,TRUE
Batis,TRUE
Collinsia,TRUE
Heliantheae undiff.,TRUE
Acer cf. A. pensylvanicum,TRUE
Frangula purshiana-type,TRUE
Pinus contorta/P. ponderosa,TRUE
Pinus monticola/P. albicaulis,TRUE
Populus trichocarpa-type,TRUE
Prunus cf. P. serotina,TRUE
Thuja plicata-type,TRUE
Cannabaceae cf. Humulus,TRUE
Ranunculaceae cf. Aconitum,TRUE
Rosaceae cf. Adenostoma,TRUE
Betula (>20 µm),TRUE
Betula (<20 µm),TRUE
Acer cf. A. glabrum,TRUE
Plectritis,TRUE
Quercus garryana,TRUE
Betula papyrifera,TRUE
Morus rubra,TRUE
Pinus resinosa,TRUE
Araliaceae,TRUE
Bumelia,TRUE
Cecropia,TRUE
Eugenia,TRUE
Myrsine,TRUE
Pinus clausa-type,TRUE
Brassicaceae cf. Brassica,TRUE
Campanula aparinoides-type,TRUE
Koenigia alaskana,TRUE
Comandra,TRUE
Lysimachia quadriflora-type,TRUE
Ribes aureum,TRUE
Boerhavia,TRUE
Diospyros,TRUE
Styloceras,TRUE
Viscaceae sensu stricto undiff.,TRUE
Alnus rhombifolia-type,TRUE
Fraxinus latifolia-type,TRUE
Triantha glutinosa,TRUE
Parthenocissus vitacea,TRUE
Boehmeria,TRUE
Picea rubens-type,TRUE
Acer rubrum-type,TRUE
Magnolia virginiana-type,TRUE
Combretaceae,TRUE
Pinus rigida,TRUE
Acer saccharum/A. nigrum,TRUE
Acer spicatum-type,TRUE
Physocarpus,TRUE
Pinus rigida-type,TRUE
Acer sp.,TRUE
Ptelea trifoliata,TRUE
Cucurbita,TRUE
Rhexia,TRUE
Pinus subg. Pinus (large),TRUE
Pinus subg. Pinus (small),TRUE
Planera,TRUE
Cassiope tetragona-type,TRUE
Oplopanax,TRUE
Agrostis,TRUE
Araceae undiff.,TRUE
Chimaphila,TRUE
Poa,TRUE
Apiaceae (coarse reticulate),TRUE
"Apiaceae (medium, slender)",TRUE
"Ericaceae (large, round)",TRUE
"Ericaceae (large, triangular)",TRUE
"Ericaceae (medium, soccer ball)",TRUE
"Ericaceae (small, round)",TRUE
"Ericaceae (small, triangular)",TRUE
Betula (large),TRUE
Abies sp.,TRUE
Picea sp.,TRUE
Salix sp.,TRUE
Taxaceae,TRUE
Coptis trifolia,TRUE
Epilobium palustre,TRUE
Scutellaria galericulata,TRUE
Pinus indet.,TRUE
Valerianaceae undiff.,TRUE
Erythranthe guttata,TRUE
Andromeda polifolia var. latifolia,TRUE
Cupressaceae cf. Thuja occidentalis,TRUE
Prunus serotina,TRUE
Rhododendron canadense,TRUE
Vaccinium angustifolium-type,TRUE
Vaccinium oxycoccos,TRUE
Vaccinium undiff.,TRUE
Ilex verticillata,TRUE
Lyonia,TRUE
Sanguinaria canadensis,TRUE
Toxicodendron,TRUE
Cassia,TRUE
Fabaceae (reticulate),TRUE
Hibiscus,TRUE
Cucurbitaceae,TRUE
Bromus hordeaceus-type,TRUE
Pinus haploxylon,TRUE
Orontium,TRUE
Asteraceae indet.,TRUE
Baccharis,TRUE
Chaenactis,TRUE
Ambrosia sp.,TRUE
Rumex mexicanus,TRUE
Microsteris,TRUE
Dryas integrifolia,TRUE
Rhus typhina,TRUE
Mentha arvensis,TRUE
Micranthes cf. M. punctata,TRUE
Rubus cf. R. chamaemorus,TRUE
Betula (20-25 µm),TRUE
Betula (>25 µm),TRUE
Nitraria,TRUE
Tamaricaceae,TRUE
Alnus hirsuta,TRUE
Alnus viridis subsp. fruticosa,TRUE
Betula nana subsp. exilis,TRUE
Betula pendula subsp. mandshurica,TRUE
Chrozophora tinctoria,TRUE
Larix gmelinii,TRUE
Phlox sibirica,TRUE
Picea obovata,TRUE
Haloragis,TRUE
Quercus sect. Cyclobalanopsis,TRUE
Quercus subg. Quercus,TRUE
Carpinus tschonoskii,TRUE
Fagus crenata,TRUE
Fagus japonica,TRUE
Mallotus,TRUE
Phellodendron,TRUE
Weigela,TRUE
Reynoutria,TRUE
Skimmia,TRUE
Dacrydium,TRUE
Koenigia sect. Aconogonon,TRUE
Lythraceae,TRUE
Tsuga diversifolia,TRUE
Betula costata,TRUE
Betula dahurica,TRUE
Betula ermanii,TRUE
Betula schmidtii,TRUE
Pinus koraiensis,TRUE
Polygonum sect. Polygonum,TRUE
Astragalus onobrychis-type,TRUE
Eremurus,TRUE
Primula farinosa-type (large),TRUE
Pterocarya fraxinifolia,TRUE
Rheum officinale,TRUE
Claytonia arctica,TRUE
Claytonia undiff.,TRUE
Pinus sibirica,TRUE
Ulmus sp.,TRUE
Claytonia sarmentosa,TRUE
Claytoniella vassilievii,TRUE
Betula cf. B. fruticosa,TRUE
Betula cf. B. pendula,TRUE
Patrinia,TRUE
Ulmus undiff.,TRUE
Abies sibirica,TRUE
Alnus hirsuta-type,TRUE
Aquilegia undiff.,TRUE
Bergenia crassifolia,TRUE
Betula fruticosa,TRUE
Pedicularis oederi-type,TRUE
Saxifraga hirsuta,TRUE
Acanthaceae,TRUE
Adenophora,TRUE
Alangium,TRUE
Aporosa,TRUE
Biebersteinia,TRUE
Bignoniaceae undiff.,TRUE
Catalpa,TRUE
Celastraceae,TRUE
Engelhardia,TRUE
Garcinia,TRUE
Gesneriaceae,TRUE
Illicium,TRUE
Lauraceae,TRUE
Melastomataceae,TRUE
Meliaceae undiff.,TRUE
Morina,TRUE
Phyllanthus,TRUE
Platycarya,TRUE
Polygonum sp.,TRUE
Pseudolarix,TRUE
Reevesia,TRUE
Salicaceae undiff.,TRUE
Schisandra,TRUE
Styracaceae,TRUE
Tetracentron,TRUE
Tournefortia,TRUE
Tsuga dumosa,TRUE
Alnus viridis subsp. fruticosa-type,TRUE
Pinus pumila,TRUE
Ephedra alata-type,TRUE
Ephedra sp.,TRUE
Haplophyllum,TRUE
Parrotia persica,TRUE
Polygonum aviculare/Bistorta officinalis-type,TRUE
Rubiaceae (hexacolpate),TRUE
Betula pubescens var. pumila,TRUE
Atraphaxis,TRUE
Bongardia,TRUE
Cephalaria,TRUE
Datisca cannabina,TRUE
Gentiana olivieri-type,TRUE
Hypericum hirtellum var. assyriacum-type,TRUE
Leontice leontopetalum,TRUE
Malabaila,TRUE
Malabaila,TRUE
Plantago ovata-type,TRUE
Psylliostachys,TRUE
Psylliostachys spicata-type,TRUE
Ranunculus asiaticus-type,TRUE
Rumex cyprius-type,TRUE
Rumex patientia-type,TRUE
Podocarpaceae,TRUE
Polygonaceae (excluding Rumex),TRUE
Ranunculaceae cf. Anemone/Caltha,TRUE
Hedysarum hedysaroides,TRUE
Delphinium elatum,TRUE
Silene suecica-type,TRUE
Quercus indet.,TRUE
Quercus ithaburensis,TRUE
Allium cf. A. sibiricum,TRUE
Papaver radicatum-type,TRUE
Anthriscus,TRUE
Biscutella,TRUE
Centaurea alpina,TRUE
Omalotheca,TRUE
