taxon_name,Pollen_type
Dipsacoideae,Caprifoliaceae
Poaceae (Cerealia-type),Poaceae
Brassicaceae undiff.,Brassicaceae
Plantago undiff.,Plantago
Poaceae (Cerealia),Gramineae
Rumex undiff.,Rumex
Chenopodiaceae sensu stricto,Amaranthaceae
Faboideae,Faboidea
Ericales undiff.,undiff
Rumex subg. Acetosa,Rumex
Bistorta officinalis-type,Bistorta
Ephedra foeminea-type,Ephedra
Poaceae (Cerealia) undiff.,Gramineae
Silene-type undiff.,Silene
Viburnum undiff.,Viburnum
cf. Valeriana,Valeriana
Hippophaë,Hippophae
Acer undiff.,Acer
Angiospermae undiff. (herbs),undif
Asteraceae undiff.,Asteraceae
Caryophyllaceae undiff.,Caryophyllaceae
Convolvulaceae,Convolvulaceae
Fagopyrum undiff.,Fagopyrum
Hippophaë rhamnoides,Hippophae
Malvaceae sensu stricto,Malvaceae
Poaceae undiff.,Poaceae
Polygonaceae undiff.,Polygonaceae
Polygonum sensu lato undiff.,Polygonum
Ranunculaceae undiff.,Ranunculaceae
Thalictrum undiff.,Thalictrum
Valerianoideae,Stachytarpheta
Plantago uniflora,Plantago
Potentilla undiff.,Potentilla
Tsuga heterophylla,Tsuga
Polygonum oxyspermum subsp. raii,Polygonum
Spermatophyta undiff. (deciduous trees),undiff
Ericaceae undiff.,Ericaceae
Rhamnus cathartica,Rhamnus
Cichorioideae undiff.,Asteraceae
Persicaria,Persicaria
Lamiaceae undiff.,Lamiaceae
Micranthes stellaris-type,Micranthes
Mimulus,Mimulus
Poterium sanguisorba,Poterium
Silene flos-cuculi,Silene
Calceolaria,Calceolaria
Dalechampia,Dalechampia
Helianthus,Helianthus
Apiaceae undiff.,Apiaceae
Campanulaceae undiff.,Campanulaceae
Cyperaceae undiff.,Cyperaceae
Fabaceae undiff.,Fabaceae
Rosaceae undiff.,Rosaceae
Scrophulariaceae undiff.,Scrophulariaceae
Ranunculus undiff.,Ranunculus
Rhododendron tomentosum,Rhododendron
Rumex subg. Rumex,Rumex
Arctous alpina,Arctostaphylos
Astragalus/Oxytropis-type,Fabaceae
Micranthes stellaris,Micranthes
Salix undiff.,Salix
Valeriana excelsa subsp. sambucifolia-type,Valeriana
Bistorta officinalis,Bistorta
Cannabaceae undiff.,Cannabaceae
Cerastium cerastoides-type,Cerastium
Liliaceae undiff.,Liliaceae
Micranthes nivalis-type,Micranthes
cf. Artemisia,Artemisia
cf. Brassicaceae,Brassicaceae
cf. Carpinus,Carpinus
cf. Dryas,Dryas
cf. Hypericum,Hypericum
cf. Ilex,Ilex
cf. Mercurialis,Mercurialis
cf. Quercus,Quercus
cf. Ranunculus,Ranunculus
cf. Taxus,Taxus
cf. Thalictrum,Thalictrum
cf. Urtica,Urtica
Ranunculus sect. Batrachium-type,Ranunculus
cf. Chrysosplenium,Chrysosplenium
cf. Cyperaceae-type,Cyperaceae
cf. Larix,Larix
cf. Melampyrum,Melampyrum
cf. Pedicularis,Pedicularis
cf. Saxifraga granulata,Saxifraga
cf. Saxifraga stellaris-type,Micranthes
cf. Scutellaria,Scutellaria
Cornus suecica (thick wall),Cornus
Ericaceae cf. Calluna,Ericaceae
Euphorbiaceae cf. Mercurialis,Euphorbiaceae
Onagraceae cf. Epilobium,Onagraceae
Rubus cf. R. idaeus,Rubus
Anagallis cf. A. arvensis,Lysimachia
Anagallis cf. A. tenella,Lysimachia
cf. Frangula alnus,Frangula
cf. Lycopsis arvensis,Lycopsis
cf. Myricaria germanica,Myricaria
Polygonum cf. P. aviculare,Polygonum
Rumex cf. R. longifolius,Rumex
"Alnus (shrub, pale shallow pores)",Alnus
"Alnus (tree, robust deep pores)",Alnus
Betula (hybrid),Betula
Betula (tree),Betula
Betula undiff.,Betula
Cannabaceae cf. Cannabis sativa,Cannabaceae
Centaurea cf. C. cyanus,Centaurea
Chamaenerion-type,Chamaenerion
Micranthes cf. M. stellaris,Micranthes
Cichorieae,Asteraceae
Pinus subg. Pinus,Pinus
Koenigia alpina,Koenigia
Centaurea stoebe-type,Centaurea
Amaranthaceae-type,Amaranthaceae
Helianthemum oelandicum subsp. alpestris-type,Helianthemum
Paradisea liliastrum,Paradisea
Spermatophyta undiff. (cf. upland herbs),undiff
Lotus pedunculatus,Lotus
Polygonum-type sensu lato,Polygonum
Lycopsis arvensis-type,Lycopsis
Rhododendron subsect. Ledum,Rhododendron
Cerastium undiff.,Cerastium
Saussurea nuda,Saussurea
Stellaria undiff.,Stellaria
Asteroideae undiff.,Asteraceae
Silene uniflora subsp. uniflora-type,Silene
Koenigia alpina-type,Koenigia
Persicaria amphibia-type,Persicaria
Silenoideae-type,Caryophyllaceae
Anemone sect. Pulsatilla,Pulsatilla
Bistorta officinalis/B. vivipara,Bistorta
cf. Anthericum,Anthericum
cf. Xanthium-type,Xanthium
Rumex acetosa/Oxyria-type,Rumex
Rosaceae (trees),Rosaceae
Monotropoideae,Ericaceae
cf. Samolus,Samolus
Dipsacoideae undiff.,Caprifoliaceae
Euphorbiaceae undiff.,Euphorbiaceae
Persicaria maculosa,Persicaria
Araliaceae undiff.,Araliaceae
Poaceae undiff. (>40 µm),Poaceae
Poaceae undiff. (<40 µm),Poaceae
Helianthemum undiff.,Helianthemum
cf. Herniaria,Herniaria
Hystrix,Elymus
Caryophyllaceae cf. Silene latifolia subsp. alba,Caryophyllaceae
cf. Littorella,Littorella
cf. Lobelia,Lobelia
cf. Montia,Montiaceae
Poaceae (large),Poaceae
Centaurea montana/Cyanus triumfettii,Centaurea
Persicaria lapathifolia-type,Persicaria
cf. Xanthium,Xanthium
Pinus subg. Strobus-type,Pinus
Silene undiff.,Silene
Arum/Acorus,Arum/Acora
cf. Chrysanthemum,Chrysanthemum
cf. Triticum turgidum subsp. dicoccon,Triticum
Poaceae (Cerealia-type) undiff.,Poaceae
Cistus salviifolius,Cistus
Lycopsis arvensis,Lycopsis
Anemone sect. Hepatica,Hepatica
Pinus subg. Pinus-type,Pinus
cf. Polemonium,Polemonium
Persicaria lapathifolia,Persicaria
Quercus (deciduous),Quercus
Gentianaceae undiff.,Gentianaceae
Tilia undiff.,Tilia
Engelhardia-type,Engelhardia
Liquidambar,Liquidambar
Nyssa,Nyssa
Saxifraga undiff.,Saxifraga
Sileneae,Caryophyllaceae
Symplocos,Symplocos
Centaurea undiff.,Centaurea
Normapolles,undiff
Anemone sect. Pulsatilla-type,Anemone
Quercus (deciduous-type),Quercus
Quercus (evergreen-type),Quercus
Carduoideae,Asteraceae
Atropa belladonna,Atropa
Calystegia sepium-type,Calystegia
Dioscorea,Dioscorea
Plantago pro parte,Plantago
Urticalean Rosids,undiff
Chrysosplenium undiff.,Chrysosplenium
Boraginaceae undiff.,Boraginaceae
Asteroideae pro parte,Asteraceae
Caryophyllaceae pro parte,Caryophyllaceae
Fabaceae pro parte,Fabaceae
Lamiaceae pro parte,Lamiaceae
Liliaceae pro parte,Liliaceae
Poaceae pro parte,Poaceae
Ranunculaceae pro parte,Ranunculaceae
Rosaceae pro parte,Rosaceae
Spermatophyta undiff. (upland herbs),undiff
cf. Acorus,Acorus
cf. Alchemilla,Alchemilla
cf. Daphne,Daphne
cf. Euphorbia,Euphorbia
cf. Lonicera,Lonicera
cf. Myrtus,Myrtus
cf. Olea,Olea
cf. Persicaria amphibia,Persicaria
cf. Polygonum,Polygonum
cf. Succisa,Succisa
cf. Viscum,Viscum
Quercus undiff.,Quercus
cf. Filipendula,Filipendula
Ulex/Cytisus sect. Spartopsis,Ulex
cf. Ruta,Ruta
cf. Veronica,Veronica
Lamiaceae (hexacolpate),Lamiaceae
Lamiaceae (tricolpate),Lamiaceae
Coniferae undiff.,Pinales
Dioscorea communis,Dioscorea
Linum undiff.,Linum
Bistorta vivipara-type,Bistorta
Ericales (tetrad),undiff
Brassicaceae-type,Brassicaceae
cf. Sedum,Sedum
Hypericum undiff.,Hypericum
Alnus undiff.,Alnus
Liliaceae-type undiff.,Liliaceae
Pinus undiff.,Pinus
Silene viscaria-type,Silene
Primulaceae undiff.,Primulaceae
Cichorioideae-type,Asteraceae
Poaceae (annulus >10 µm),Poaceae
Crassulaceae undiff.,Crassulaceae
Poaceae (<37 µm),Poaceae
Anemone alpina,Anemone
Seseli,Seseli
Pseudofumaria lutea-type,Pseudofumaria
Spermatophyta undiff. (shrubs),undiff
Succisa pratensis-type,Succisa
Trachycarpus fortunei,Trachycarpus
Morus alba-type,Morus
Aster/Achillea-type,Aster/Achillea
cf. Digitalis,Digitalis
cf. Geum,Geum
Trifolium undiff.,Trifolium
"Betula/Alnus/Corylus/Myrica (type 114, HdV)",Betulaceae/Myricaceae
cf. Juncus,Juncus
Amaranthus,Amaranthus
Anemone hortensis-type,Anemone
Bituminaria bituminosa,Bituminaria
Chamaerops humilis,Chamaerops
Fedia cornucopiae,Fedia
Gypsophila arrostii,Gypsophila
Pinus subg. Strobus,Pinus
Rumex scutatus-type,Rumex
Saxifraga tridactylitis-type,Saxifraga
Simethis planifolia,Simethis
Smyrnium-type,Smyrnium
Urtica membranacea-type,Urtica
Silene vulgaris,Silene
Ailanthus,Ailanthus
Alnus incana-type,Alnus
Humulus/Urtica,Humulus
Myrtus-type,Myrtus
Vicia faba-type,Vicia
Lonicera caerulea,Lonicera
Thymus/Mentha-type,Thymus/Mentha
cf. Platanus,Platanus
cf. Sedum-type,Sedum
Fraxinus undiff.,Fraxinus
Primula integrifolia-type,Primula
Anthemis-type (small),Anthemis
Chaerophyllum temulum,Chaerophyllum
Colchicum montanum,Colchicum
Dianthus lusitanus-type,Dianthus
Gagea nevadensis,Gagea
Lythrum undiff.,Lythrum
Plantago coronopus sensu stricto,Plantago
Plantago subulata-type,Plantago
Silene ciliata-type,Silene
cf. Convolvulus,Convolvulus
Humulus/Cannabis sativa,Humulus
cf. Trollius europaeus,Trollius
Empetrum hermaphroditum,Empetrum
Faboideae undiff.,Faboidea
Hyacinthoides-type,Hyacinthoides
Lotus pedunculatus-type,Lotus
Saxifragaceae undiff.,Saxifragaceae
Oleaceae undiff.,Oleaceae
Viscum album sensu lato,Viscum
Abies undiff.,Abies
Sambucus undiff.,Sambucus
Scrophulariaceae pro parte,Scrophulariaceae
Microrrhinum minus,Chaenorhinum
Ephedra strobilacea-type,Ephedra
Ballota group,Ballota
Liriodendron tulipifera,Liriodendron
Mercurialis undiff.,Mercurialis
Sagina nodosa group,Sagina
Silene viscaria,Viscaria
Vicia-type sensu stricto,Vicia
cf. Rhinanthus,Rhinanthus
Bromus,Bromus
Cannabaceae sensu stricto,Cannabaceae
cf. Cirsium,Cirsium
cf. Lotus,Lotus
cf. Papaver,Papaver
Persicaria cf. P. maculosa,Persicaria
Artemisia undiff.,Artemisia
cf. Fabaceae,Fabaceae
cf. Hippophae rhamnoides,Hippophae
cf. Saxifraga oppositifolia-type,Saxifraga
Rosaceae (trees) undiff.,Rosaceae
cf. Frangula,Frangula
Fallopia cf. F. convolvulus,Fallopia
Micranthes nivalis/M. tenuis,Micranthes
Rubus cf. R. saxatilis,Rubus
Quercus (evergreen),Quercus
Polygonum aviculare/Bistorta officinalis,Polygonum
Sarcopoterium-type,Sarcopoterium
Polygonoideae pro parte,Calligonum
Alchemilla group,Alchemilla
Arum,Arum
cf. Carya,Carya
cf. Phillyrea,Phillyrea
cf. Plantago,Plantago
cf. Pterocarya fraxinifolia,Pterocarya
cf. Ranunculaceae,Ranunculaceae
Dipsacus/Cephalaria,Dipsacus
Genista group,Genista
Liliaceae sensu lato,Liliaceae
Lomelosia argentea-type,Lomelosia
Ostrya/Carpinus betulus-type,Ostrya
Ranunculus lanuginosus-type,Ranunculus
Rhinanthus group,Rhinanthus
Sorbus group,Sorbus
Corrigiola litoralis-type,Corrigiola
Echium vulgare-type,Echium
Erica undiff.,Erica
Geranium molle-type,Geranium
Illecebrum verticillatum-type,Illecebrum
Valerianella-type,Valerianella
Circaea lutetiana-type,Circaea
Corrigiola telephiifolia-type,Corrigiola
Erodium cicutarium-type,Erodium
Filipendula vulgaris-type,Filipendula
Limonium humile-type,Limonium
Phillyrea angustifolia-type,Phillyrea
Pinguicula vulgaris-type,Pinguicula
Sagina procumbens-type,Sagina
Smyrnium,Smyrnium
Aconitum lycoctonum subsp. septentrionale,Aconitum
cf. Galeopsis,Galeopsis
cf. Oxytropis,Oxytropis
Secale (primitive),Secale
Triticum spelta-type,Triticum
cf. Rhamnus,Rhamnus
Poaceae (>40 µm),Poaceae
Solidago-type/Saussurea-type,Solidago
Ericaceae cf. Cassiope,Ericaceae
cf. Maianthemum,Maianthemum
cf. Limosella aquatica,Limosella
cf. Helianthemum,Helianthemum
Poaceae (annulus 8-10 µm),Poaceae
Cornus undiff.,Cornus
Betula sect. Apterocaryon,Betula
Erica ciliaris,Erica
Ephedra undiff.,Ephedra
Falcaria,Falcaria
Ziziphus,Ziziphus
Foeniculum-type,Foeniculum
Adenostyles alliariae,Adenostyles
Anemone nemorosa group,Anemone
Anthemis arvensis-type,Anthemis
cf. Androsace,Androsace
Petasites hybridus-type,Petasites
Ranunculus acris/R. flammula/R. sceleratus group,Ranunculus
Senecio/Aster,Senecio
Tripolium pannonicum subsp. tripolium-type,Tripolium
Triticum undiff.,Triticum
Orthilia secunda,Orthilia
Taraxacum officinale,Taraxacum
"Caryophyllaceae (periporate, excluding Paronychioideae)",Caryophyllaceae
Cannabis sativa-type,Cannabis
"Poaceae (Cerealia, 37-40 µm)",Poaceae
"Poaceae (Cerealia, 40-50 µm)",Poaceae
"Poaceae (Cerealia, >50 µm)",Poaceae
Ericoideae,Ericaceae
Festuca,Festuca
Rosaceae (herbs) undiff.,Rosaceae
Quercus faginea-type,Quercus
Filago,Filago
cf. Pterocarya,Pterocarya
cf. Gentianaceae,Gentianaceae
Rubus chamaemorus-type,Rubus
Corylus/Myrica undiff.,Corylus
Cistus undiff.,Cistus
Parietaria-type,Parietaria
Valeriana undiff.,Valeriana
Daphne/Thymelaea,Daphne/Thymelaea
Ephedra major subsp. major,Ephedra
cf. Juniperus,Juniperus
Olea/Phillyrea,Olea/Phillyrea
Helianthemum marifolium,Helianthemum
Lotus undiff.,Lotus
Malvaceae undiff.,Malvaceae
Poaceae (>37 µm),Poaceae
Sagina apetala-type,Sagina
Spermatophyta undiff. (trees/shrubs),undiff
Ulex/Cytisus sect. Spartopsis-type,Ulex
Alchemilla pentaphyllea,Alchemilla
Hypericum elodes-type,Hypericum
Ailanthus altissima,Ailanthus
Anthericum liliago,Anthericum
Cicer arietinum,Cicer
Geranium molle group,Geranium
Geranium pratense group,Geranium
Magnoliaceae,Magnoliaceae
Rubus undiff.,Rubus
Vicia hirsuta/V. tetrasperma,Vicia
Caprifoliaceae undiff.,Caprifoliaceae
Asteraceae undiff. (type 2),Asteraceae
cf. Cuscuta,Cuscuta
Pinguicula cf. P. vulgaris,Pinguicula
Centaurium erythraea,Centaurium
Fumaria officinalis,Fumaria
Alnus subg. Alnobetula,Alnus
Orobanchaceae,Orobanchaceae
Poaceae (annulus 10-12 µm),Poaceae
Malus sylvestris,Malus
Poterium sanguisorba subsp. sanguisorba,Poterium
Cistaceae undiff.,Cistaceae
Cucumis-type,Cucumis
Amaranthaceae (broken),Amaranthaceae
Amaranthaceae (crumpled),Amaranthaceae
Asteraceae undiff. (broken),Asteraceae
Asteraceae undiff. (crumpled),Asteraceae
Cedrus (broken),Cedrus
Cedrus (crumpled),Cedrus
Cedrus (degraded),Cedrus
Cornaceae-type,Cornaceae
Cyperaceae (broken),Cyperaceae
Cyperaceae (corroded),Cyperaceae
Cyperaceae (crumpled),Cyperaceae
Cyperaceae (degraded),Cyperaceae
Oleaceae (broken),Oleaceae
Oleaceae (crumpled),Oleaceae
Oleaceae (obscured),Oleaceae
Ostrya/Corylus-type,Ostrya
Pinaceae (broken),Pinaceae
Pinaceae (corroded),Pinaceae
Pinaceae (crumpled),Pinaceae
Pinaceae (degraded),Pinaceae
Pinaceae (obscured),Pinaceae
Pinus (broken),Pinus
Pinus (corroded),Pinus
Pinus (crumpled),Pinus
Pinus (degraded),Pinus
Pinus (fragmented),Pinus
Poaceae (broken),Poaceae
"Poaceae (Cerealia-type, broken)",Poaceae
"Poaceae (Cerealia-type, corroded)",Poaceae
"Poaceae (Cerealia-type, crumpled)",Poaceae
Poaceae (corroded),Poaceae
Poaceae (crumpled),Poaceae
Poaceae (degraded),Poaceae
Quercus coccifera-type (broken),Quercus
Quercus coccifera-type: corroded,Quercus
Quercus coccifera-type (crumpled),Quercus
Quercus undiff. (broken),Quercus
Quercus undiff. (corroded),Quercus
Quercus undiff. (crumpled),Quercus
Quercus undiff. (degraded),Quercus
Quercus undiff. (obscured),Quercus
Salix-type,Salix
Arnoseris,Arnoseris
Gynandriris sisyrinchium,Moraea
Anemone pulsatilla-type,Anemone
Robinia pseudoacacia,Robinia
Vaccaria hispanica,Gypsophila
Anemone subg. Anemone,Anemone
Genista/Cytisus,Genista/Cytisus
Lathyrus linifolius-type,Lathyrus
Lamium purpureum var. hybridum-type,Lamium
Geranium columbinum-type,Geranium
Chenopodium sp.,Chenopodium
Convolvulus undiff.,Convolvulus
Crocus-type,Crocus
Cupressaceae undiff.,Cupressaceae
Dracunculus,Dracunculus
Gentiana undiff.,Gentiana
Lavatera-type,Malva
Paeonia,Paeonia
Plantaginaceae undiff.,Plantaginaceae
Plantago lanceolata/P. lagopus,Plantago
Rumex subg. Emex,Rumex
Sarcopoterium spinosum/Poterium sanguisorba,Sarcopoterium
Senecio sp.,Senecio
Arnoseris minima,Arnoseris
Caryophyllaceae (porate),Caryophyllaceae
Artemisia sp.,Artemisia
Capsella,Capsella
Gentianella sp.,Gentianella
cf. Avena sativa,Avena
cf. Peucedanum-type,Peucedanum
cf. Sambucus,Sambucus
Sorbus sp.,Sorbus
Triticum aestivum,Triticum
Vaccinium sp.,Vaccinium
Vaccinium vitis-idaea,Vaccinium
Apiaceae cf. Pleurospermum,Apiaceae
cf. Lamiaceae,Lamiaceae
Ericaceae cf. Vaccinium,Ericaceae
Rosaceae cf. Prunus,Rosaceae
Rosaceae cf. Sorbus,Rosaceae
Aesculus-type,Aesculus
Dipsacaceae undiff.,Dipsacaceae
Hordeum group,Hordeum
Atriplex sp.,Atriplex
Chrysosplenium alternifolium,Chrysosplenium
Salsola sp.,Salsola
Thalictrum sp.,Thalictrum
Pinus cembroides,Pinus
Pinus (haplostellate),Pinus
Tussilago,Tussilago
Kalmia,Kalmia
Minuartia,Minuartia
Pinus strobus-type,Pinus
Kalmia procumbens,Kalmia
Pinus nigra,Pinus
Lotus sp.,Lotus
Centaurea aspera-type,Centaurea
cf. Pterocarya/Juglans,Pterocarya
Cirsium cf. C. palustre,Cirsium
Cyanus triumfettii,Centaurea
Liliales,undiff
Pinus mugo/P. sylvestris,Pinus
Plantago maritima subsp. serpentina,Plantago
Polycarpon tetraphyllum,Polycarpon
Ranunculus fluitans-type,Ranunculus
Solanum dulcamara/Sedum,Solanum
Solenanthus-type,Solenanthus
Valeriana tuberosa,Valeriana
Aconitum group,Aconitum
Amaranthaceae undiff.,Amaranthaceae
Anemone pulsatilla,Pulsatilla
Anemone pulsatilla group,Pulsatilla
Gratiola,Gratiola
Sison amomum-type,Sison
Amaranthaceae (small),Amaranthaceae
Apiaceae (apiculate),Apiaceae
Apiaceae (large),Apiaceae
Apiaceae (medium),Apiaceae
Apiaceae (small),Apiaceae
Caryophyllaceae (large),Caryophyllaceae
Caryophyllaceae (small),Caryophyllaceae
cf. Cornus,Cornus
cf. Mentha,Mentha
cf. Oxyria,Oxyria
cf. Rhus,Rhus
Pinus (large),Pinus
Pinus (small),Pinus
Poaceae (small),Poaceae
Quercus rotundifolia,Quercus
Lotus maritimus,Lotus
Trifolium pannonicum,Trifolium
"Poaceae (Cerealia-type, indeterminable)",Poaceae
Centaurea pro parte,Centaurea
Cistus pro parte,Cistus
Plantago altissima-type,Plantago
Plantago argentea-type,Plantago
Plantago carinata-type,Plantago
Quercus pro parte,Quercus
Linum cf. L. usitatissimum,Linum
Papaver rhoeas,Papaver
Solanum-type,Solanum
Rhamnaceae undiff.,Rhamnaceae
Amygdaloideae,Rosaceae
Convolvulaceae undiff.,Convolvulaceae
Cornus subg. Thelycrania,Cornus
Lythraceae undiff.,Lythraceae
Cirsium/Gundelia,Cirsium
Lomelosia rotata-type,Lomelosia
Acer,Acer campestre-type
Alnus,Alnus glutinosa-type
Amaranthaceae,Chenopodiaceae/Amaranthaceae
Apiaceae,Apiaceae
Artemisia,Artemisia
Asteroideae,Compositae subfam. Asteroideae
Betula,Betula pubescens-type
Brassicaceae,Brassicaceae
Calluna vulgaris,Calluna vulgaris
Campanulaceae,Campanulaceae
Cannabaceae-type,Cannabis/Humulus
Carpinus,Carpinus betulus
Caryophyllaceae,Caryophyllaceae (periporate excl. Paronychioideae)
Centaurea cyanus,Centaurea cyanus-type
Cichorioideae,Compositae subfam. Cichorioideae
Corylus,Corylus
Cyperaceae,Cyperaceae
Epilobium,Epilobium
Ericaceae,Ericales (tetrads)
Fabaceae,Fabaceae
Fagopyrum,Fagopyrum
Fagus,Fagus
Frangula alnus,Frangula alnus
Fraxinus,Fraxinus excelsior-type
Galium,Rubiaceae
Hedera,Hedera
Myrica,Myrica
Picea,Picea abies-type
Pinus,Pinus sylvestris-type
Plantago lanceolata,Plantago lanceolata-type
Plantago media,Plantago media
Poaceae,Poaceae
Quercus,Quercus robur-type
Ranunculaceae,Ranunculaceae
Rosaceae,Rosaceae
Rumex,Rumex/Oxyria
Salix,Salix
Thalictrum,Thalictrum
Tilia,Tilia
Ulmus,Ulmus/Zelkova
Viscum,Viscum
Anthemis-type,Matricaria-type
Aster-type,Aster-type
Calluna,Calluna vulgaris
Caltha-type,Caltha-type
Campanula,Phyteuma-type
Centaurea-type,Centaurea
Circaea,Circaea
Cirsium,Cirsium
Corylus-type,Corylus/Myrica
Crataegus,Crataegus
Empetrum,Empetrum nigrum
Erica-type,Erica
Filipendula,Filipendula
Helianthemum,Helianthemum
Hypericum-type,Hypericum
Ilex,Ilex
Juglans,Juglans
Juniperus,Juniperus communis-type
Lactuca,Lactuca-type
Lythrum salicaria,Lythrum salicaria-type
Melampyrum,Melampyrum
Narthecium,Narthecium
Polygala,Polygala
Potentilla-type,Potentilla-type
Prunus,Prunus-type
Pulmonaria obscura-type,Anchusa/Pulmonaria
Rhinanthus,Rhinanthus-type
Rumex acetosa,Rumex acetosa-type
Rumex acetosella,Rumex acetosella
Rumex obtusifolius,Rumex crispus-type
Sambucus,Sambucus
Saxifraga-type,Saxifraga
Scabiosa,Scabiosa
Serratula-type,Saussurea-type
Sinapis-type,Sinapis-type
Sorbus,Sorbus-type
Stachys-type,Galeopsis-type
Succisa,Succisa-type
Taxus,Taxus baccata
Trifolium-type,Trifolium-type
Ulex,Genista-type
Urtica,Urtica
Valeriana,Valeriana
Vicia-type,Vicia-type
Armeria,Armeria-type
Asteraceae,Asteraceae
Centaurea,Centaurea
Ericales,Ericales (tetrads)
Euphorbiaceae,Euphorbiaceae
Gentianella,Gentianella campestris-type
Geraniaceae,Geraniaceae
Hypericum,Hypericum
Lamiaceae,Lamiaceae
Lonicera,Lonicera
Plantago maritima,Plantago maritima-type
Polygonum,Polygonum-type (tricolporate)
Potentilla,Potentilla-type
Prunella,Prunella-type
Pterocarya,Pterocarya
Saxifragaceae,Saxifragaceae
Trifolium,Trifolium-type
Verbenaceae,Verbenaceae
Betula nana-type,Betula nana-type
Plantago major/P. media,Plantago major-type
Rubiaceae,Rubiaceae
Abies alba,Abies
Achillea-type,Matricaria-type
Anemone-type,Anemone nemorosa-type
Avena-type,Avena-type
Barbarea-type,Brassicaceae
Cardamine pratensis-type,Brassicaceae
Carpinus betulus,Carpinus betulus
Centaurea scabiosa,Centaurea scabiosa-type
Chamaenerion angustifolium,Epilobium angustifolium-type
Chrysosplenium,Chrysosplenium
Cirsium-type,Cynareae
Corylus avellana,Corylus
Echium,Echium
Euonymus,Euonymus
Fagus sylvatica,Fagus
Galium-type,Rubiaceae
Lamium-type,Lamium album-type
Larix decidua,Larix/Pseudotsuga
Lotus-type,Lotus-type
Lysimachia vulgaris-type,Lysimachia vulgaris-type
Lythrum,Lythrum
Mentha-type,Mentha-type
Parnassia palustris,Parnassia palustris
Persicaria maculosa-type,Polygonum persicaria-type
Petasites-type,Petasites
Picea abies,Picea abies-type
Pleurospermum,Pleurospermum-type
Polygonum aviculare,Polygonum aviculare-type
Populus,Populus
Ranunculus arvensis-type,Ranunculus arvensis-type
Ranunculus-type,Ranunculus-type
Rumex acetosa-type,Rumex acetosa-type
Sambucus nigra-type,Sambucus nigra/S. racemosa
Sanguisorba officinalis,Sanguisorba officinalis
Scrophulariaceae,Scrophulariaceae (colporate-reticulate)
Secale-type,Secale cereale
Senecio-type,Senecio-type
Silene-type,Silene-type
Trifolium pratense-type,Trifolium pratense-type
Vaccinium-type,Vaccinium-type
Vitis,Vitis
Betula nana,Betula nana-type
Cerastium-type,Cerastium-type
Dryas octopetala,Dryas octopetala
Ephedra,Ephedra
Hordeum-type,Hordeum-type
Humulus/Cannabis,Cannabis/Humulus
Lathyrus-type,Lathyrus-type
Linnaea borealis,Linnaea borealis
Lonicera-type,Lonicera
Mercurialis,Mercurialis
Oxalis-type,Oxalis
Oxyria-type,Rumex acetosa-type
Persicaria amphibia,Polygonum amphibium
Plantago major,Plantago major
Portulaca,Portulaca
Ranunculus,Ranunculus-type
Secale,Secale cereale
Stellaria-type,Cerastium-type
Triticum,Triticum-type
Viburnum,Viburnum
Abies,Abies
Acer platanoides,Acer campestre-type
Alnus glutinosa,Alnus glutinosa-type
Echinops,Echinops
Fagopyrum esculentum,Fagopyrum esculentum
Fagopyrum tataricum,Fagopyrum tataricum
Knautia arvensis,Knautia
Onagraceae,Onagraceae
Pinus sylvestris,Pinus sylvestris-type
Plumbaginaceae,Plumbaginaceae
Rhamnus,Rhamnus-type
Ribes,Ribes
Spergula/Spergularia,Spergularia-type
Thalictrum aquilegiifolium,Thalictrum aquilegiifolium
Thalictrum lucidum,Thalictrum flavum-type
Ulmus glabra,Ulmus/Zelkova
Ulmus laevis,Ulmus/Zelkova
Ulmus minor,Ulmus/Zelkova
Vitis vinifera,Vitis
Anemone,Anemone nemorosa-type
Arctium,Arctium
Corylus/Myrica,Corylus/Myrica
Hypericaceae,Hypericum
Matricaria,Matricaria-type
Plantago,Plantago
Tilia platyphyllos,Tilia platyphyllos-type
Koenigia,Koenigia islandica
Medicago,Medicago sativa-type
Primulaceae,Primulaceae
Tilia cordata,Tilia cordata-type
Anagallis-type,Anagallis-type
Arbutus unedo,Arbutus
Armeria maritima (type A),Armeria-type
Bidens-type,Bidens-type
Campanula-type,Phyteuma-type
Cannabis-type,Cannabis sativa
Conopodium-type,Apiaceae
Empetrum nigrum,Empetrum nigrum
Erica tetralix,Erica tetralix-type
Euphorbia,Euphorbia
Fraxinus excelsior,Fraxinus excelsior-type
Hedera helix,Hedera
Ilex aquifolium,Ilex
Juglans regia,Juglans regia
Liliaceae,Liliaceae-type
Lonicera periclymenum,Lonicera periclymenum
Myrica gale,Myrica
Narthecium ossifragum,Narthecium
Ononis-type,Ononis
Pedicularis,Pedicularis
Plantago coronopus,Plantago coronopus-type
Plantago lanceolata-type,Plantago lanceolata-type
Rhinanthus-type,Rhinanthus-type
Rubus,Rubus
Sanguisorba,Sanguisorba officinalis
Saxifraga,Saxifraga
Scrophularia-type,Scrophularia-type
Sedum,Sedum-type
Taxus baccata,Taxus baccata
Teucrium,Teucrium
Urtica dioica,Urtica dioica
Vaccinium,Vaccinium
Vicia,Vicia-type
Betula/Corylus/Myrica,Betula/Corylus/Myrica
Buxus,Buxus
Cannabis,Cannabis sativa
Castanea,Castanea sativa
Ligustrum,Ligustrum
Ranunculus acris,Ranunculus acris-type
Rubus chamaemorus,Rubus chamaemorus
Saxifraga oppositifolia,Saxifraga oppositifolia-type
Stachys,Galeopsis-type
Valerianella,Valerianella
Anchusa,Anchusa arvensis-type
Astragalus,Astragalus-type
Cornaceae,Cornus
Daphne,Daphne
Frangula,Frangula alnus
Fumana-type,Fumana
Geranium,Geranium
Linum catharticum,Linum catharticum
Listera-type,Listera-type
Olea,Olea europaea
Papaver,Papaver
Phillyrea,Phillyrea
Pistacia,Pistacia
Quercus ilex,Quercus ilex-type
Sedum-type,Sedum-type
Ulex-type,Genista-type
Adonis aestivalis,Adonis aestivalis-type
Allium,Allium-type
Anagallis,Anagallis
Anarrhinum,Anarrhinum bellidifolium
Anthemis,Matricaria-type
Asphodelus-type,Asphodelus/Asphodeline
Aster,Aster-type
Centranthus,Centranthus
Erica arborea,Erica arborea-type
Erica australis,Erica ciliaris-type
Erica umbellata,Erica umbellata
Fumana,Fumana
Herniaria,Herniaria
Hornungia-type,Hornungia-type
Lithospermum,Lithospermum-type
Lotus,Lotus-type
Mentha,Mentha-type
Onobrychis,Onobrychis
Paronychia,Paronychia
Serratula,Saussurea-type
Sinapis,Sinapis-type
Trollius,Trollius europaeus
Artemisia-type,Artemisia
Cannabis sativa,Cannabis sativa
Cornus sanguinea,Cornus sanguinea-type
Iris,Iris
Lathyrus,Lathyrus-type
Linum,Linum
Malva,Malvaceae
Polygonaceae,Polygonaceae
Sambucus nigra,Sambucus nigra
Secale cereale,Secale cereale
Viola,Viola
Aesculus,Aesculus
Avena,Avena-type
Eryngium,Eryngium
Helleborus,Helleborus
Heracleum sphondylium,Heracleum sphondylium
Hordeum,Hordeum-type
Jasione,Jasione montana-type
Larix,Larix/Pseudotsuga
Lobelia,Lobelia
Oxyria,Oxyria digyna
Primula,Primula
Prunus spinosa,Prunus-type
Anthyllis vulneraria,Anthyllis
Arenaria-type,Arenaria
Armeria-type,Armeria-type
Cedrus,Cedrus
Chelidonium,Chelidonium majus
Crataegus-type,Prunus-type
Cupressaceae,Juniperus-type
Dianthus-type,Dianthus/Petrorhaghia
Dryas,Dryas octopetala
Ephedra distachya-type,Ephedra distachya-type
Erica tetralix-type,Erica tetralix-type
Erodium,Erodium
Geum-type,Geum-type
Herniaria-type,Herniaria-type
Jasione-type,Jasione montana-type
Montia fontana,Montia
Ononis,Ononis
Pinguicula,Pinguicula
Plantago coronopus-type,Plantago coronopus-type
Plantago major/P. media-type,Plantago major-type
Plantago maritima-type,Plantago maritima-type
Prunus-type,Prunus-type
Sagina-type,Sagina
Saxifraga hypnoides-type,Saxifraga granulata-type
Saxifraga oppositifolia-type,Saxifraga oppositifolia-type
Scilla-type,Ornithogalum-type
Scutellaria,Scutellaria-type
Silene dioica-type,Silene dioica-type
Spergula-type,Spergularia-type
Stellaria holostea,Stellaria holostea
Valeriana officinalis-type,Valeriana officinalis-type
Acacia,Acacia
Adenostyles,Senecio-type
Allium-type,Allium-type
Carex,Carex
Cicuta virosa,Cicuta virosa
Coronilla,Coronilla-type
Gladiolus,Gladiolus/Romulea
Glaucium,Glaucium
Impatiens,Impatiens
Ligustrum vulgare,Ligustrum
Lilium martagon,Lilium
Limosella,Scrophularia-type
Luzula,Juncaceae
Malva-type,Malvaceae
Portulaca oleracea-type,Portulaca
Primula vulgaris,Primula veris-type
Rhododendron,Rhododendron
Silene dioica,Silene dioica-type
Viburnum opulus,Viburnum opulus
Zea,Zea mays
Acer campestre-type,Acer campestre-type
Acer negundo,Acer negundo
Berula-type,Sium-type
Castanea sativa,Castanea sativa
Centaurea jacea-type,Centaurea nigra-type
Convolvulus arvensis,Convolvulus
Fallopia convolvulus-type,Fallopia
Gentianaceae,Gentianaceae
Gypsophila,Gypsophila repens-type
Lysimachia,Anagallis-type
Malus-type,Prunus-type
Mercurialis perennis,Mercurialis perennis-type
Onobrychis-type,Onobrychis-type
Polygonum aviculare-type,Polygonum aviculare-type
Prunella-type,Prunella-type
Ranunculus acris-type,Ranunculus acris-type
Scleranthus perennis,Scleranthus perennis
Solanum dulcamara,Solanum dulcamara
Sorbus-type,Sorbus-type
Viscum album,Viscum
Xanthium,Xanthium
Zea mays,Zea mays
Adoxa moschatellina,Adoxa moschatellina
Anemone nemorosa-type,Anemone nemorosa-type
Arctostaphylos uva-ursi,Arctostaphylos uva-ursi
Astragalus alpinus,Astragalus-type
Astragalus cf. A. glycyphyllos,Astragalus-type
Avena/Triticum-type,Avena/Triticum-type
Cornus suecica,Cornus suecica
Humulus lupulus,Humulus lupulus
Hypericum perforatum,Hypericum perforatum-type
Juniperus communis,Juniperus communis-type
Lysimachia-type,Anagallis-type
Papaver rhoeas-type,Papaver rhoeas-type
Potentilla recta,Potentilla-type
Prunus padus,Prunus padus
Solidago-type,Senecio-type
Sorbus aucuparia,Sorbus-type
Stachys sylvatica-type,Galeopsis-type
Trientalis europaea,Trientalis europaea
Gentianella campestris-type,Gentianella campestris-type
Silene vulgaris-type,Silene vulgaris-type
Valeriana officinalis,Valeriana officinalis-type
Trientalis,Trientalis europaea
Achillea,Matricaria-type
Aconitum,Aconitum
Alchemilla,Alchemilla
Arenaria,Arenaria
Artemisia norvegica,Artemisia
Astragalus frigidus,Astragalus-type
Bistorta,Polygonum bistorta-type
Capsella-type,Brassicaceae
Carex-type,Carex
Carya,Carya
Convallaria,Convallaria majalis
Cornus,Cornus
Diapensia,Diapensia lapponica
Ephedra distachya,Ephedra distachya-type
Ephedra fragilis,Ephedra fragilis-type
Euphrasia,Rhinanthus-type
Gentiana campestris,Gentianella campestris-type
Gentiana nivalis,Gentiana nivalis
Geum,Geum-type
Humulus,Humulus lupulus
Myricaria,Myricaria germanica
Orchidaceae,Orchidaceae
Parnassia,Parnassia palustris
Ranunculus sp.,Ranunculus-type
Rubus sp.,Rubus
Rumex longifolius,Rumex aquaticus-type
Sagina,Sagina
Salix herbacea,Salix
Saussurea,Saussurea-type
Saxifraga cernua-type,Saxifraga granulata-type
Saxifraga hirculus,Saxifraga granulata-type
Sibbaldia,Sibbaldia procumbens
Silene acaulis,Silene vulgaris-type
Tofieldia,Tofieldia
Verbascum,Verbascum
Veronica,Veronica-type
Angelica-type,Apiaceae
Astragalus cf. A. alpinus,Astragalus-type
Cirsium/Carduus-type,Cynareae
Ericaceae-type,Ericales (tetrads)
Geranium sylvaticum-type,Geranium pratense-type
Oxyria digyna,Oxyria digyna
Rumex acetosa/R. acetosella-type,Rumex acetosa-type
Rumex acetosella-type,Rumex acetosa-type
Salix herbacea-type,Salix
Tofieldia pusilla,Tofieldia
Trollius europaeus,Trollius europaeus
Arctium-type,Saussurea-type
Geranium sylvaticum,Geranium pratense-type
Pedicularis palustris-type,Pedicularis palustris-type
Pimpinella-type,Pimpinella major-type
Saussurea-type,Saussurea-type
Silene acaulis-type,Silene vulgaris-type
Veronica-type,Veronica-type
Artemisia cf. A. norvegica,Artemisia
Bistorta vivipara,Polygonum viviparum
Galeopsis-type,Galeopsis-type
Lobelia dortmanna,Lobelia dortmanna
Populus tremula,Populus tremula-type
Rumex longifolius-type,Rumex aquaticus-type
Saxifraga cespitosa-type,Saxifraga granulata-type
Cerastium,Cerastium-type
cf. Ephedra fragilis,Ephedra
cf. Prunus,Rosaceae (non-operculate)
Ephedra distachya subsp. helvetica-type,Ephedra distachya-type
Ephedra fragilis-type,Ephedra fragilis-type
Erica,Erica
Helianthemum-type,Helianthemum
Silene,Silene-type
Polemonium,Polemonium
cf. Empetrum,Ericales (tetrads)
Rumex/Oxyria,Rumex/Oxyria
Cannabaceae,Cannabis/Humulus
Centaurea cyanus-type,Centaurea cyanus-type
Centaurea nigra-type,Centaurea nigra-type
Diapensia lapponica,Diapensia lapponica
Malvaceae,Malvaceae
Primula farinosa,Primula farinosa-type
cf. Gentiana pneumonanthe,Gentianaceae
Chrysosplenium-type,Chrysosplenium
Plantago cf. P. coronopus,Plantago
Rumex/Oxyria digyna,Rumex/Oxyria
Saxifraga cf. S. oppositifolia,Saxifraga
Saxifraga granulata-type,Saxifraga granulata-type
Spergularia,Spergularia-type
Anagallis arvensis,Anagallis arvensis-type
Corylus avellana-type,Corylus
Jasione montana,Jasione montana-type
Vicia sylvatica-type,Vicia-type
Alnus glutinosa-type,Alnus glutinosa-type
Ambrosia,Ambrosia
Anthriscus sylvestris-type,Anthriscus sylvestris-type
Bidens,Bidens-type
Chaerophyllum hirsutum-type,Chaerophyllum hirsutum-type
Dipsacus,Dipsacus-type
Heracleum-type,Apiaceae
Lonicera xylosteum,Lonicera xylosteum
Peucedanum-type,Peucedanum-type
Phyteuma,Phyteuma-type
Pimpinella major-type,Pimpinella major-type
Ranunculus arvensis,Ranunculus arvensis
Rumex obtusifolius-type,Rumex crispus-type
Trifolium repens-type,Trifolium repens-type
Triticum-type,Triticum-type
Vicia cracca-type,Vicia-type
Bupleurum-type,Apiaceae
Carduus,Carduus
Carum carvi,Carum carvi
Chamaenerion angustifolium-type,Epilobium angustifolium-type
Daucus,Daucus
Empetrum-type,Empetrum/Ledum
Gnaphalium-type,Gnaphalium-type
Polygonatum,Polygonatum-type
Sanicula europaea,Sanicula europaea
Seseli-type,Seseli-type
Viburnum lantana,Viburnum lantana
Gagea,Gagea/Tulipa
Knautia,Knautia
Pedicularis-type,Pedicularis palustris-type
Pinus cembra-type,Pinus cembra-type
Plantago sp.,Plantago
Pulmonaria,Anchusa/Pulmonaria
Symphytum,Symphytum
Arctostaphylos,Arctostaphylos
Fallopia,Fallopia
Gypsophila repens-type,Gypsophila repens-type
Liliaceae-type,Liliaceae-type
Montia,Montia
Papaveraceae,Papaveraceae
Plantago major-type,Plantago major-type
Pleurospermum austriacum,Pleurospermum-type
Scleranthus annuus,Scleranthus annuus
Soldanella,Soldanella
Valeriana dioica-type,Valeriana dioica
Veratrum-type,Veratrum
Dryas-type,Dryas octopetala
Epilobium-type,Epilobium
Plantago media-type,Plantago major-type
Aconitum-type,Aconitum
Galeopsis,Galeopsis-type
Gentiana asclepiadea-type,Gentiana pneumonanthe-type
Lysimachia vulgaris,Lysimachia vulgaris-type
Oxalis,Oxalis
Ribes cf. R. alpinum,Ribes
Sambucus cf. S. ebulus,Sambucus
Valeriana dioica subsp. simplicifolia,Valeriana dioica
Veratrum,Veratrum
Viola arvensis-type,Viola tricolor-type
Comarum-type,Potentilla-type
Lycopus-type,Mentha-type
Lysimachia nemorum,Lysimachia nemorum
Pinguicula vulgaris,Pinguicula
Spergularia-type,Spergularia-type
Alnus viridis,Alnus viridis
Helianthemum nummularium-type,Helianthemum nummularium-type
Ostrya-type,Ostrya/Carpinus orientalis
Pinus cembra,Pinus cembra-type
Plantago alpina-type,Plantago maritima-type
Plantago atrata-type,Plantago atrata-type
Rumex-type,Rumex/Oxyria
Androsace,Androsace
Boraginaceae,Boraginaceae
Bupleurum,Bupleurum
Centaurea nigra,Centaurea nigra-type
Crassulaceae,Crassulaceae
Linaria,Linaria-type
Odontites,Odontites-type
Oleaceae,Oleaceae
Ostrya,Ostrya/Carpinus orientalis
Quercus ilex-type,Quercus ilex-type
Quercus robur-type,Quercus robur-type
Thalictrum-type,Thalictrum
Urticaceae,Urticaceae
Calystegia,Calystegia
Carduus-type,Carduus-type
Centaurea jacea,Centaurea nigra-type
Cynoglossum,Cynoglossum-type
Dianthus,Dianthus/Petrorhaghia
Digitalis,Digitalis
Genista-type,Genista-type
Gentiana pneumonanthe-type,Gentiana pneumonanthe-type
Linum usitatissimum,Linum usitatissimum/L. bienne
Myosotis,Myosotis-type
Papaver-type,Papaver
Reseda,Reseda
Scleranthus,Scleranthus
Solanum nigrum,Solanum nigrum-type
Spergula arvensis,Spergula arvensis-type
Vicia cracca,Vicia-type
Aquilegia,Aquilegia
Asphodelus,Asphodelus
Centaurea collina,Centaurea scabiosa-type
Convolvulus,Convolvulus
Juncaceae,Juncaceae
Ceratonia,Ceratonia siliqua
Cistus,Cistus
Gentiana,Gentiana
Quercus suber-type,Quercus cerris-type
Rhamnaceae,Rhamnaceae
Rhus,Rhus
Cytisus,Genista-type
Lilium,Lilium
Quercus robur,Quercus robur-type
Spergula,Spergularia-type
Cuscuta,Cuscuta
Epipactis,Epipactis
Hypericum perforatum-type,Hypericum perforatum-type
Rhamnus-type,Rhamnus-type
Rhus coriaria-type,Rhus coriaria-type
Vicia/Lathyrus,Lathyrus/Vicia-type
Convolvulus arvensis-type,Convolvulus arvensis-type
Cuscuta europaea-type,Cuscuta europaea-type
Iris pseudacorus-type,Iris pseudacorus-type
Jasione montana-type,Jasione montana-type
Matricaria-type,Matricaria-type
Platanus,Platanus
Pulmonaria-type,Anchusa/Pulmonaria
Rumex aquaticus-type,Rumex aquaticus-type
Rumex crispus-type,Rumex crispus-type
Sanguisorba minor-type,Sanguisorba minor-type
Saxifraga aizoides-type,Saxifraga oppositifolia-type
Succisa-type,Succisa-type
Thesium,Thesium
Tilia cordata-type,Tilia cordata-type
Tilia platyphyllos-type,Tilia platyphyllos-type
Viburnum opulus-type,Viburnum opulus/V. tinus
Cerastium alpinum-type,Cerastium-type
Cirsium/Carduus,Cynareae
Filipendula vulgaris,Filipendula
Hypericum pulchrum-type,Hypericum perforatum-type
Prunus cf. P. padus,Prunus-type
Rubus saxatilis,Rubus
Salix pentandra-type,Salix
Saxifraga aizoides,Saxifraga oppositifolia-type
Succisa pratensis,Succisa-type
Alchemilla-type,Alchemilla/Aphanes
cf. Salix herbacea,Salix
Ambrosia-type,Ambrosia/Xanthium
Chrysosplenium oppositifolium,Chrysosplenium oppositifolium
Prunus avium/P. spinosa,Prunus-type
Alnus glutinosa/A. incana,Alnus glutinosa-type
Centaurea collina-type,Centaurea scabiosa-type
Cytisus-type,Cytisus-type
Hedysarum-type,Onobrychis-type
Plantago alpina,Plantago maritima-type
Solanaceae,Solanaceae
Centaurea montana-type,Centaurea montana-type
Eranthis hyemalis,Eranthis hyemalis
Euphrasia-type,Rhinanthus-type
Falcaria vulgaris,Falcaria-type
Petasites,Petasites
Rumex alpinus,Rumex alpinus-type
Spiraea,Aruncus/Spiraea
Agrimonia,Agrimonia/Aremonia
Alchemilla/Aphanes,Alchemilla/Aphanes
Allium ursinum-type,Allium ursinum-type
Anthericum,Anthericum
Aruncus dioicus,Aruncus/Spiraea
Bellis-type,Aster-type
Calystegia sepium,Calystegia
Centaurea scabiosa-type,Centaurea scabiosa-type
cf. Cannabis sativa,Cannabis/Humulus
cf. Humulus lupulus,Cannabis/Humulus
Coronilla-type,Coronilla-type
Echium vulgare,Echium
Epipactis palustris,Epipactis
Glyceria-type,Hordeum-type
Gypsophila fastigiata,Gypsophila repens-type
Helianthemum canum-type,Helianthemum oelandicum-type
Helianthemum oelandicum-type,Helianthemum oelandicum-type
Linum catharticum-type,Linum catharticum-type
Lithospermum officinale,Lithospermum officinale
Loranthus europaeus,Loranthus europaeus
Lysimachia nummularia,Lysimachia vulgaris-type
Lysimachia thyrsiflora,Lysimachia vulgaris-type
Lythrum portula,Lythrum portula-type
Malus,Prunus-type
Medicago sativa,Medicago sativa-type
Ranunculus flammula-type,Ranunculus flammula-type
Rumex crispus,Rumex crispus-type
Salix glauca-type,Salix
Salix polaris-type,Salix
Salvia,Salvia-type
Scorzonera humilis-type,Scorzonera humilis-type
Scrophularia,Scrophularia-type
Solanum nigrum-type,Solanum nigrum-type
Syringa vulgaris,Syringa
Taraxacum-type,Crepis-type
Thymus-type,Mentha-type
Trifolium repens,Trifolium repens-type
Tussilago-type,Tussilago-type
Urtica urens,Urtica urens
Valeriana dioica,Valeriana dioica
Astrantia-type,Astrantia-type
Centaurea montana,Centaurea montana-type
Heracleum,Heracleum
Lilium martagon-type,Lilium
Gentiana pneumonanthe,Gentiana pneumonanthe-type
Jasminum,Jasminum
Solanum,Solanum
Viola arvensis,Viola tricolor-type
Viola riviniana,Viola odorata-type
Sambucus nigra/S. racemosa,Sambucus nigra/S. racemosa
Delphinium-type,Consolida-type
Nigella,Nigella
Panicum-type,Panicum-type
Chenopodium,Chenopodiaceae/Amaranthaceae
Fraxinus ornus,Fraxinus ornus
Genista,Genista-type
Pinus pinaster-type,Pinus pinaster
Quercus coccifera,Quercus ilex-type
Bruckenthalia,Bruckenthalia spiculifolia
Cornus mas,Cornus mas
Rheum,Rheum
Aphanes-type,Alchemilla/Aphanes
Apium,Apium
Astrantia major,Astrantia major
Ballota-type,Ballota-type
Bryonia,Bryonia
Chelidonium majus,Chelidonium majus
Conium-type,Apiaceae
Cornus mas-type,Cornus mas-type
Daucus-type,Apiaceae
Dorycnium-type,Dorycnium
Eryngium-type,Apiaceae
Euonymus europaeus,Euonymus
Fallopia convolvulus,Fallopia
Helleborus-type,Helleborus
Hippocrepis,Coronilla-type
Linum alpinum-type,Linum austriacum-type
Oxalis acetosella,Oxalis acetosella
Papaver argemone-type,Papaver argemone
Rosa-type,Rosa
Trifolium spadiceum,Trifolium badium-type
Anemone nemorosa,Anemone nemorosa-type
Carpinus-type,Carpinus betulus
Rumex acetosa/R. acetosella,Rumex acetosa-type
Stachys sylvatica,Galeopsis-type
Armeria maritima (type B),Armeria-type
Cuscuta lupuliformis,Cuscuta lupuliformis
Humulus-type,Humulus lupulus
Spergula arvensis-type,Spergularia-type
Verbena officinalis,Verbena officinalis
Agrostemma githago,Agrostemma githago
cf. Sagina,Caryophyllaceae (periporate excl. Paronychioideae)
Cornus cf. C. suecica,Cornus
Elymus-type,Hordeum-type
Gentianella campestris,Gentianella campestris-type
Odontites-type,Odontites-type
Polygonatum-type,Polygonatum-type
Primula vulgaris-type,Primula veris-type
Sambucus cf. S. racemosa,Sambucus nigra/S. racemosa
Saxifraga cf. S. nivalis,Saxifraga
Stellaria cf. S. palustris,Cerastium-type
Stellaria graminea,Cerastium-type
Astragalus-type,Astragalus-type
Carex hirta-type,Carex
cf. Oxyria digyna,Rumex/Oxyria
Digitalis-type,Digitalis-type
Gypsophila muralis,Gypsophila muralis
Melilotus officinalis,Astragalus-type
Pyrola,Pyrola-type
Stellaria,Cerastium-type
Stellaria cf. S. media,Cerastium-type
Allium vineale-type,Allium vineale-type
Armeria maritima subsp. elongata,Armeria-type
Iris pseudacorus,Iris pseudacorus-type
Papaver argemone,Papaver argemone
Polygala vulgaris,Polygala comosa-type
Rubus-type,Rubus
Rumex conglomeratus-type,Rumex crispus-type
Saxifraga cf. S. aizoides,Saxifraga
Trifolium pratense,Trifolium pratense-type
cf. Humulus,Cannabis/Humulus
Chenopodium album,Chenopodiaceae/Amaranthaceae
Fumaria,Fumaria
Pimpinella,Pimpinella major-type
Scabiosa columbaria,Scabiosa columbaria-type
Valerianella dentata,Valerianella
Hornungia,Hornungia-type
Listera,Listera-type
Alnus viridis-type,Alnus viridis
Anthericum-type,Anthericum
Anthriscus sylvestris,Anthriscus sylvestris-type
Calluna vulgaris-type,Calluna vulgaris
Cerastium fontanum-type,Cerastium-type
Cornus sanguinea-type,Cornus sanguinea-type
Falcaria vulgaris-type,Falcaria-type
Fraxinus excelsior-type,Fraxinus excelsior-type
Fritillaria-type,Fritillaria
Herniaria glabra-type,Herniaria glabra-type
Humulus/Cannabis-type,Cannabis/Humulus
Ilex aquifolium-type,Ilex
Laurus,Laurus
Ligusticum mutellina,Ligusticum mutellina
Linum austriacum-type,Linum austriacum-type
Morus alba,Morus alba
Pentaglottis sempervirens,Pentaglottis sempervirens
Pinus sylvestris-type,Pinus sylvestris-type
Sambucus racemosa,Sambucus racemosa
Saxifraga granulata,Saxifraga granulata-type
Sorbus aucuparia-type,Sorbus-type
Trifolium badium-type,Trifolium badium-type
Anethum-type,Falcaria-type
Filipendula-type,Filipendula
Linaria-type,Linaria-type
Spiraea-type,Aruncus/Spiraea
Adonis-type,Adonis
Iris-type,Iris
Berberis vulgaris,Berberis
Betula cf. B. nana,Betula nana-type
Corydalis,Corydalis
Cyperus,Cyperus
Empetrum cf. E. nigrum,Empetrum nigrum
Gypsophila fastigiata-type,Gypsophila repens-type
Lithospermum-type,Lithospermum-type
Populus balsamifera-type,Populus balsamifera-type
Populus tremula-type,Populus tremula-type
Urtica cf. U. dioica,Urtica
Viburnum-type,Viburnum
Agropyron-type,Hordeum-type
Buxus sempervirens,Buxus
cf. Cannabis,Cannabis/Humulus
cf. Sorbus aucuparia,Rosaceae (non-operculate)
Dactylis-type,Poaceae
Fallopia convolvulus/F. dumetorum,Fallopia
Glechoma-type,Prunella-type
Phleum-type,Poaceae
Polygonatum verticillatum,Polygonatum verticillatum
Primula farinosa-type,Primula farinosa-type
Rumex cf. R. obtusifolius,Rumex crispus-type
Sambucus cf. S. nigra,Sambucus nigra/S. racemosa
Saxifraga cf. S. hirculus,Saxifraga
Staphylea,Staphylea pinnata
Syringa,Syringa
Anthyllis,Anthyllis
Arnica montana,Bidens-type
Astragalus alpinus-type,Astragalus-type
Bartsia-type,Rhinanthus-type
Bellis,Aster-type
Cerastium arvense-type,Cerastium-type
Convallaria majalis,Convallaria majalis
Cytisus scoparius,Genista-type
Daucus carota,Daucus
Dianthus superbus-type,Dianthus/Petrorhaghia
Erigeron,Gnaphalium-type
Eucalyptus,Eucalyptus
Hippocrepis-type,Coronilla-type
Homogyne,Homogyne-type
Lonicera xylosteum-type,Lonicera xylosteum-type
Medicago falcata-type,Medicago sativa-type
Mercurialis annua,Mercurialis annua
Minuartia rubra-type,Minuartia rubra-type/Bufonia
Onosma,Onosma
Primula hirsuta-type,Primula hirsuta-type
Rosa,Rosa
Senecio,Senecio-type
Solidago,Aster-type
Tussilago farfara,Tussilago-type
Valeriana tripteris-type,Valeriana montana-type
Ranunculus lingua-type,Ranunculus lingua
Arbutus,Arbutus
Arceuthobium oxycedri,Arceuthobium oxycedri
Asparagus acutifolius,Asparagus acutifolius
Asphodeline,Asphodeline
Asphodelus albus-type,Asphodelus albus-type
Calligonum,Calligonum
Cardamine-type,Brassicaceae
Carlina,Carlina
Carthamus,Carthamus-type
Carthamus-type,Carthamus-type
Celtis australis,Celtis
Centaurium,Centaurium
Cerinthe,Cerinthe
Cistaceae,Cistaceae
Cistus monspeliensis,Cistus monspeliensis-type
Crupina-type,Crupina
Cyperus-type,Cyperus
Epipactis palustris-type,Epipactis
Erica arborea-type,Erica arborea-type
Ficus,Ficus carica
Gagea/Tulipa,Gagea/Tulipa
Helleborus foetidus,Helleborus foetidus
Linum usitatissimum-type,Linum usitatissimum/L. bienne
Lygeum spartum,Lygeum spartum
Myrtus communis,Myrtus communis
Nerium oleander,Nerium oleander
Ostrya/Carpinus orientalis,Ostrya/Carpinus orientalis
Paronychia-type,Paronychia
Pinus halepensis-type,Pinus halepensis-type
Prunus/Sorbus,Rosaceae (non-operculate)
Quercus cerris/Q. suber,Quercus cerris-type
Quercus pubescens-type,Quercus robur-type
Theligonum cynocrambe,Theligonum cynocrambe
Thymelaeaceae,Thymelaeaceae
Viburnum tinus,Viburnum tinus
Aster/Achillea,Compositae subfam. Asteroideae
Carpinus orientalis,Ostrya/Carpinus orientalis
Jurinea,Saussurea-type
Quercus cerris,Quercus cerris-type
Mercurialis perennis-type,Mercurialis perennis-type
Minuartia-type,Moehringia-type
Orlaya grandiflora,Orlaya
Torilis arvensis,Torilis arvensis
Trifolium alpinum-type,Trifolium alpinum-type
Alnus incana,Alnus glutinosa-type
Asarum europaeum,Asarum europaeum
Betula pendula,Betula pubescens-type
Betula pubescens,Betula pubescens-type
Cichorium,Crepis-type
Illecebrum,Illecebrum verticillatum
Oxalidaceae,Oxalis
Plantaginaceae,Plantaginaceae
Polygalaceae,Polygala
Santalaceae,Santalaceae
Violaceae,Viola
Convolvulus-type,Convolvulus
Iridaceae,Liliaceae-type
Pinus peuce,Pinus cembra-type
Quercus cerris-type,Quercus cerris-type
Verbascum-type,Verbascum
Knautia/Dipsacus,Dipsacaceae
Plantago media/P. montana,Plantago
Aruncus-type,Aruncus/Spiraea
Gypsophila-type,Gypsophila repens-type
Pistacia lentiscus,Pistacia
Pyrus-type,Prunus-type
Saxifraga paniculata-type,Saxifraga oppositifolia-type
Sempervivum,Sempervivum
Streptopus amplexifolius,Convallaria-type
Vincetoxicum,Vincetoxicum
Xeranthemum,Xeranthemum
Myosotis arvensis-type,Myosotis-type
Lotus corniculatus,Lotus-type
Poterium,Sanguisorba minor-type
Rumex aquaticus,Rumex aquaticus-type
cf. Avena,Cerealia-type
Hordeum/Secale,Cerealia-type
Sambucus ebulus,Sambucus ebulus
Androsace-type,Androsace
Arctostaphylos uva-ursi-type,Arctostaphylos uva-ursi
Bambusa-type,Poaceae
Betula pubescens-type,Betula pubescens-type
Bruckenthalia-type,Bruckenthalia spiculifolia
Castanea-type,Castanea sativa
Cedrus-type,Cedrus
Chamaenerion,Epilobium
Coniferae-type,cf. Abies
Cryptomeria,Cryptomeria-type
Geranium-type,Geranium
Juglandaceae-type,Juglandaceae
Larix-type,Larix/Pseudotsuga
Magnolia-type,Magnolia-type
Myrica-type,Myrica
Podocarpus-type,Podocarpus
Rumex cf. R. alpinus,Rumex acetosa-type
Sciadopitys,Sciadopitys
Sequoia,Sequoia
Sorbus aria-type,Sorbus-type
Tsuga diversifolia-type,Tsuga diversifolia-type
Tsuga-type,Tsuga
Ulmus/Zelkova,Ulmus/Zelkova
Buphthalmum,Senecio-type
Geum montanum-type,Geum-type
Holosteum umbellatum,Holosteum umbellatum
Ligusticum mutellinoides-type,Ligusticum mutellinoides-type
Minuartia verna-type,Moehringia-type
Moehringia-type,Moehringia-type
Myricaria germanica,Myricaria germanica
Turgenia latifolia,Turgenia latifolia
Linaceae,Linaceae
Olea europaea,Olea europaea
Quercus canariensis,Quercus robur-type
Quercus suber,Quercus cerris-type
Fagopyrum-type,Fagopyrum
Knautia arvensis-type,Knautia
Lycopus,Mentha-type
Potentilla/Comarum,Potentilla-type
Scleranthus annuus-type,Scleranthus annuus
Sorbus torminalis,Sorbus-type
Angelica sylvestris,Peucedanum-type
Athamanta cretensis,Athamanta cretensis
Lonicera alpigena,Lonicera alpigena
Acanthus,Acanthus
Coriaria,Coriaria myrtifolia
Cyperus capitatus,Cyperus
Gentiana verna,Gentiana verna
Ranunculus lanuginosus,Ranunculus acris-type
Stellaria holostea-type,Stellaria holostea
Celtis,Celtis
Centaurea solstitialis-type,Centaurea nigra-type
Cistus albidus-type,Cistus albidus-type
Cotinus-type,Rhus/Cotinus
Fraxinus angustifolia-type,Fraxinus angustifolia
Heliotropium-type,Heliotropium
Marrubium,Marrubium
Myrtus,Myrtus communis
Plantago lagopus-type,Plantago lanceolata-type
Teucrium-type,Teucrium
Anthemideae,Matricaria-type
Crepis,Crepis-type
Myrrhis-type,Apiaceae
Parnassia-type,Parnassia palustris
Hypericum elodes,Hypericum elodes
Rumex hydrolapathum,Rumex aquaticus-type
Verbena,Verbena officinalis
Armeria maritima,Armeria-type
Borago,Borago
Lamium,Lamium album-type
Limonium,Armeria-type
Resedaceae,Resedaceae
Spartium,Spartium junceum
Viola tricolor,Viola tricolor-type
Apium-type,Apiaceae
Ammi,Apiaceae
Atriplex,Chenopodiaceae/Amaranthaceae
Calendula,Calendula
Draba,Brassicaceae
Scutellaria-type,Scutellaria-type
Rosaceae (type A),Rosaceae
Rosaceae (type B),Rosaceae
Androsace alpina-type,Androsace elongata-type
Lamium album-type,Lamium album-type
Narcissus pseudonarcissus-type,Convallaria-type
Phyteuma-type,Phyteuma-type
Saxifraga hirculus-type,Saxifraga granulata-type
Vicia/Lathyrus-type,Lathyrus/Vicia-type
Echium-type,Echium/Onosma
Helleborus viridis-type,Helleborus viridis-type
Narcissus-type,Convallaria-type
Homogyne-type,Homogyne-type
Tozzia alpina,Odontites-type
Consolida-type,Consolida-type
Euphorbia cf. E. palustris,Euphorbia
Melampyrum pratense,Melampyrum
Rhododendron-type,Rhododendron
Muscari,Muscari
Gentiana lutea,Gentiana pneumonanthe-type
Hedera-type,Hedera
Centaurea cf. C. cyanus-type,Centaurea cyanus-type
Centaurea cf. C. nigra-type,Centaurea nigra-type
Centaurea cf. C. scabiosa-type,Centaurea scabiosa-type
cf. Armeria (type A),Plumbaginaceae
cf. Cedrus,cf. Abies
cf. Centaurium,Gentianaceae
cf. Epilobium,Onagraceae
Juniperus-type,Juniperus-type
Ornithogalum-type,Ornithogalum-type
Urtica-type,Urtica
Agrimonia-type,Agrimonia/Aremonia
Andromeda polifolia,Andromeda polifolia
Arnica-type,Bidens-type
Eupatorium,Aster-type
Sison amomum,Sison amomum
Sium latifolium-type,Sium-type
Torilis nodosa,Torilis nodosa
Trinia glauca,Trinia glauca
Betula humilis,Betula nana-type
Caprifoliaceae,Caprifoliaceae
cf. Sorbus,Rosaceae (non-operculate)
Psylliostachys spicata,Psylliostachys spicata
Rumex cf. R. hydrolapathum,Rumex aquaticus-type
Campanula/Jasione,Campanulaceae
Zygophyllum,Zygophyllum
Rhamnus/Frangula,Rhamnaceae
Clematis,Clematis
Convallaria-type,Convallaria-type
Lonicera nigra,Lonicera nigra
Maianthemum bifolium,Maianthemum bifolium
Saxifraga hirsuta-type,Saxifraga hirsuta-type
Silaum silaus,Silaum silaus
Scorzonera-type,Compositae subfam. Cichorioideae
Lobelia-type,Lobelia
Lycopus/Mentha,Mentha-type
Myricaria germanica-type,Myricaria germanica
Cerastium fontanum,Cerastium-type
Narthecium-type,Narthecium
Aesculus hippocastanum,Aesculus hippocastanum
Nicotiana,Nicotiana
Laserpitium latifolium-type,Laserpitium latifolium-type
Meum athamanticum,Meum athamanticum
Colchicum-type,Colchicum-type
Calystegia-type,Calystegia
Cornus mas/C. suecica,Cornus mas-type
Sium-type,Sium-type
Acer campestre,Acer campestre-type
Anthriscus caucalis,Anthriscus caucalis
Polemonium caeruleum,Polemonium
Sagina cf. S. nodosa,Sagina
Sedum/Rhodiola cf. R. rosea,Sedum-type
Sorbus aria,Sorbus-type
Xanthium-type,Ambrosia/Xanthium
Aethusa cynapium,Aethusa cynapium
Agrostemma,Agrostemma githago
Antennaria-type,Antennaria-type
Arnica,Bidens-type
Bellidiastrum-type,Aster-type
Carum carvi-type,Carum carvi
Chaerophyllum,Apiaceae
Chrysanthemum-type,Matricaria-type
Conium maculatum,Conium maculatum
Eupatorium-type,Aster-type
Inula,Inula
Pastinaca sativa,Pastinaca sativa
Peucedanum palustre,Peucedanum-type
Polemonium-type,Polemonium
Primula veris-type,Primula veris-type
Ranunculus flammula,Ranunculus flammula-type
Scandix pecten-veneris,Scandix pecten-veneris
Sium,Sium-type
Swertia perennis,Swertia perennis
Torilis japonica,Torilis japonica
Buglossoides arvensis,Buglossoides arvensis
Eryngium campestre,Eryngium campestre
Myricaria-type,Myricaria germanica
Chelidonium-type,Chelidonium majus
Orthilia,Orthilia
Scleranthus-type,Scleranthus
Digitalis purpurea-type,Digitalis
Erica ciliaris-type,Erica ciliaris-type
Lythrum salicaria-type,Lythrum salicaria-type
Rumex sanguineus-type,Rumex crispus-type
Solidago virgaurea-type,Aster-type
Tsuga,Tsuga
Anagallis tenella,Anagallis tenella-type
Cardueae,Cynareae
Myosotis arvensis,Myosotis-type
Andromeda,Andromeda polifolia
Avena/Triticum,Avena/Triticum-type
Brassica,Brassicaceae
Crataegus monogyna,Crataegus
Plantago tenuiflora,Plantago tenuiflora
Umbilicus rupestris,Umbilicus-type
Vicia sylvatica,Vicia-type
Monotropa,Monotropa hypopitys
Chaerophyllum-type,Apiaceae
Gentiana-type,Gentianaceae
Ligusticum,Ligusticum mutellina
Peucedanum,Peucedanum-type
Plantago montana,Plantago atrata-type
Polygala vulgaris-type,Polygala comosa-type
Ranunculus aconitifolius,Ranunculus sceleratus-type
Homogyne alpina,Homogyne-type
Xanthium spinosum-type,Xanthium
Clematis-type,Clematis
Meum-type,Meum-type
Oenanthe fistulosa-type,Oenanthe
Plantago atrata,Plantago atrata-type
Pleurospermum-type,Pleurospermum-type
Rumex alpinus-type,Rumex alpinus-type
Scabiosa columbaria-type,Scabiosa columbaria-type
Staphylea pinnata,Staphylea pinnata
Tribulus terrestris,Tribulus terrestris
Viola canina-type,Viola odorata-type
Berula erecta,Berula erecta
Falcaria-type,Falcaria-type
Galanthus-type,Leucojum-type
Matthiola-type,Matthiola
Artemisia herba-alba-type,Artemisia
Artemisia vulgaris-type,Artemisia
Betulaceae,Betulaceae
Brassica-type,Brassicaceae
Cotinus coggygria,Cotinus coggygria
Loranthus,Loranthus europaeus
Onosma-type,Echium/Onosma
Paliurus,Rhamnus-type
Ranunculus repens-type,Ranunculus acris-type
Ranunculus sceleratus-type,Ranunculus sceleratus-type
Rubus fruticosus,Rubus
Sanguisorba-type,Sanguisorba-type
Scrophularia/Verbascum,Scrophularia-type
Symphytum-type,Symphytum
Thymus/Mentha,Mentha-type
Adonis,Adonis
Armeria (type A),Armeria-type
Armeria (type B),Armeria-type
Glaux,Glaux maritima
Malva sylvestris-type,Malva sylvestris-type
Pinus pinaster,Pinus pinaster
Quercus pyrenaica-type,Quercus robur-type
Urtica dioica-type,Urtica dioica-type
cf. Hordeum,Cerealia-type
Ammi-type,Apiaceae
Asparagus,Asparagus
Asphodelus fistulosus,Asphodelus fistulosus-type
Borago officinalis,Borago
Citrus,Citrus
Cynoglossum officinale-type,Cynoglossum-type
Dorycnium,Dorycnium
Ficus carica,Ficus carica
Gladiolus-type,Gladiolus/Romulea
Helleborus viridis,Helleborus viridis-type
Morus,Morus
Ornithopus,Ornithopus
Phlomis,Phlomis
Sideritis,Sideritis
Tamarix,Tamarix
Tuberaria,Tuberaria
Urtica pilulifera,Urtica pilulifera
Zelkova,Ulmus/Zelkova
Aruncus,Aruncus/Spiraea
Astrantia,Astrantia-type
Bartsia,Rhinanthus-type
Filipendula ulmaria,Filipendula
Gnaphalium,Gnaphalium-type
Pedicularis palustris,Pedicularis palustris-type
Ribes alpinum,Ribes alpinum
Veratrum album,Veratrum
Centaurea solstitialis,Centaurea nigra-type
Centaurium-type,Centaurium
Limonium-type,Armeria-type
Radiola linoides,Radiola linoides
Consolida,Consolida-type
Delphinium,Consolida-type
Nonea,Nonea
Orlaya,Orlaya
Parietaria,Parietaria
Pulmonaria obscura,Anchusa/Pulmonaria
Alkanna,Alkanna-type
Cynoglossum-type,Cynoglossum-type
Jurinea-type,Saussurea-type
Lilium-type,Lilium
Daphne-type,Daphne
Gentiana purpurea-type,Gentiana pneumonanthe-type
Globularia,Globularia
Rubus arcticus,Rubus arcticus
Gentianella tenella-type,Gentianella tenella-type
Rubus fruticosus-type,Rubus
Cistus ladanifer-type,Cistus ladanifer-type
Colchicum,Colchicum-type
Gentiana verna-type,Gentiana verna
Glyceria,Hordeum-type
Hordelymus,Poaceae
Hordeum/Triticum-type,Cerealia-type
cf. Armeria,Plumbaginaceae
cf. Centaurea nigra-type,Centaurea
Colchicum autumnale-type,Colchicum-type
Polygonum oxyspermum,Polygonum oxyspermum-type
Gentianella-type,Gentianella campestris-type
Angelica archangelica-type,Angelica archangelica
Angelica palustris-type,Angelica palustris
Apium nodiflorum,Apium nodiflorum
Asphodelus albus,Asphodelus albus-type
Carum verticillatum,Carum verticillatum
Cytisus grandiflorus,Genista-type
Filago-type,Gnaphalium-type
Fraxinus angustifolia,Fraxinus angustifolia
Fritillaria lusitanica,Fritillaria
Gentiana lutea/G. pneumonanthe,Gentiana lutea/G. pneumonanthe
Halimium/Tuberaria,Halimium/Tuberaria
Laserpitium,Apiaceae
Lavandula-type,Lavandula
Minuartia recurva,Moehringia-type
Narcissus bulbocodium,Convallaria-type
Paronychia polygonifolia-type,Paronychia
Pedicularis sylvatica,Pedicularis palustris-type
Physospermum cornubiense,Pleurospermum-type
Pimpinella anisum,Pimpinella anisum
Pimpinella saxifraga-type,Pimpinella major-type
Reseda/Sesamoides,Resedaceae
Rhinanthus/Veronica,Rhinanthus-type
Sanguisorba officinalis-type,Sanguisorba officinalis
Selinum carvifolia,Peucedanum-type
Seseli libanotis-type,Seseli-type
Silaum silaus-type,Silaum silaus
Silene foetida-type,Silene vulgaris-type
Torilis arvensis-type,Falcaria-type
Trinia glauca-type,Trinia glauca
Halimium-type,Halimium
Hedysarum cf. H. hedysaroides,Hedysarum
Vaccinium myrtillus,Vaccinium
Centaurea stoebe,Centaurea nigra-type
Juglandaceae,Juglandaceae
Knautia-type,Knautia
Muscari-type,Muscari
Paris-type,Maianthemum/Paris
Matthiola,Matthiola
Trifolium arvense,Trifolium repens-type
Valeriana tripteris,Valeriana montana-type
Erica cinerea,Erica cinerea
Geum cf. G. rivale,Geum-type
Geum cf. G. urbanum,Geum-type
Lotus cf. L. corniculatus,Lotus-type
Saxifraga cf. S. cespitosa,Saxifraga
Ranunculus sceleratus/R. repens,Ranunculus-type
Silene nutans,Silene vulgaris-type
Swertia,Swertia perennis
Teucrium chamaedrys,Teucrium chamaedrys-type
Lycopus europaeus,Mentha-type
Conium maculatum-type,Conium maculatum
Pimpinella saxifraga,Pimpinella major-type
Centaurium pulchellum,Centaurium
Chaerophyllum hirsutum,Chaerophyllum hirsutum-type
Gratiola officinalis,Gratiola officinalis
Onobrychis viciifolia,Onobrychis
Torilis,Apiaceae
Aethusa cynapium-type,Aethusa cynapium
Carum,Apiaceae
Caucalis platycarpos,Caucalis platycarpos
Centaurium pulchellum-type,Centaurium
Foeniculum vulgare,Foeniculum vulgare
Gagea-type,Gagea/Tulipa
Meum athamanticum-type,Meum-type
Monotropa hypopitys,Monotropa hypopitys
Peucedanum palustre-type,Peucedanum-type
Pleurospermum austriacum-type,Pleurospermum-type
Ruta graveolens,Ruta graveolens
Torilis japonica-type,Torilis japonica
Aphanes,Aphanes
Astrantia major-type,Astrantia-type
Ballota,Ballota-type
Campanula trachelium-type,Campanula trachelium-type
Datura stramonium,Datura stramonium
Descurainia sophia,Brassicaceae
Kickxia,Kickxia
Pisum sativum,Pisum sativum
Apium inundatum-type,Apium
Corydalis pumila-type,Corydalis solida-type
Eryngium campestre-type,Eryngium
Ornithogalum umbellatum-type,Ornithogalum-type
Pedicularis verticillata-type,Pedicularis verticillata-type
Teucrium chamaedrys-type,Teucrium chamaedrys-type
Turgenia latifolia-type,Turgenia latifolia
Viola tricolor-type,Viola tricolor-type
Berula erecta-type,Sium-type
Lythrum portula-type,Lythrum portula-type
Agrimonia eupatoria-type,Agrimonia/Aremonia
Aphanes arvensis-type,Aphanes
Descurainia sophia-type,Brassicaceae
Eupatorium cannabinum-type,Aster-type
Geranium pratense-type,Geranium pratense-type
Impatiens noli-tangere,Impatiens
Lonicera periclymenum-type,Lonicera periclymenum-type
Maianthemum-type,Maianthemum/Paris
Narcissus poeticus-type,Narcissus poeticus-type
Urtica/Parietaria,Urticaceae
Mercurialis annua-type,Mercurialis annua
Alchemilla cf. A. glabra,Alchemilla
Gentiana nivalis-type,Gentiana nivalis
Helianthemum cf. H. canum,Helianthemum oelandicum-type
Oxyria digyna-type,Oxyria digyna
Penthorum sedoides,Penthorum sedoides
Vicia cf. V. cracca,Vicia-type
Plantago maritima/P. alpina,Plantago maritima-type
Polemonium boreale,Polemonium
Trifolium striatum-type,Trifolium repens-type
Loranthaceae,Loranthaceae
Bupleurum ranunculoides,Bupleurum
Pulmonaria officinalis,Anchusa/Pulmonaria
Thymus,Mentha-type
Anchusa-type,Anchusa/Pulmonaria
cf. Sambucus nigra,Sambucus nigra/S. racemosa
cf. Sambucus racemosa,Sambucus nigra/S. racemosa
Erica cf. E. tetralix,Erica
Sambucus-type,Sambucus
cf. Stellaria,Caryophyllaceae (periporate excl. Paronychioideae)
Pinus-type,Pinus sylvestris-type
Elymus,Hordeum-type
Centaurea depressa-type,Centaurea cyanus-type
Glaucium-type,Glaucium
Valeriana-type,Valerianaceae
Artemisia campestris-type,Artemisia
Droseraceae,Drosera
Rubus idaeus-type,Rubus
Hypericum calycinum-type,Hypericum calycinum-type
Sedum acre,Sedum-type
Trollius-type,Trollius europaeus
Viburnum cf. V. opulus,Viburnum
Armeria/Limonium,Armeria-type
Ostrya/Carpinus,Ostrya/Carpinus orientalis
Pistacia terebinthus,Pistacia
Adonis aestivalis-type,Adonis aestivalis-type
Anemone coronaria,Anemone coronaria
Blackstonia-type,Blackstonia-type
Ceratonia siliqua,Ceratonia siliqua
Hedysarum,Hedysarum
Ligustrum-type,Ligustrum-type
Platanus orientalis,Platanus
Polycnemum,Polycnemum
Salvia-type,Salvia-type
Urticaceae/Moraceae,Urticaceae/Moraceae
Cistus-type,Cistus
Erica australis-type,Erica ciliaris-type
Erica umbellata-type,Erica umbellata
Hypecoum,Hypecoum
Melampyrum-type,Melampyrum
Montia fontana-type,Montia
Trollius europaeus-type,Trollius europaeus
Aconitum napellus-type,Aconitum
Arenaria serpyllifolia-type,Arenaria
Blackstonia perfoliata-type,Blackstonia perfoliata
Daucus carota-type,Daucus
Dipsacus fullonum-type,Dipsacus fullonum-type
Hedera helix-type,Hedera
Humulus lupulus-type,Humulus lupulus
Ligustrum vulgare-type,Ligustrum
Moehringia trinervia-type,Moehringia-type
Viburnum lantana-type,Viburnum lantana
Crocus vernus,Crocus vernus
Heliotropium,Heliotropium
Reseda-type,Resedaceae
Sanicula-type,Astrantia-type
Ranunculus glacialis-type,Ranunculus glacialis-type
Silene cf. S. acaulis,Silene-type
Festuca-type,Poaceae
Polygonum oxyspermum-type,Polygonum oxyspermum-type
Helianthus-type,Helianthus-type
Crassula,Umbilicus-type
Gentiana punctata,Gentiana pneumonanthe-type
Geum rivale,Geum-type
Artemisia norvegica-type,Artemisia
Saxifraga cernua/S. rivularis,Saxifraga granulata-type
Carum-type,Apiaceae
Corydalis cava-type,Corydalis solida-type
Lavandula,Lavandula
Betula sect. Betula,Betula
Blackstonia,Blackstonia perfoliata
Cardamine,Brassicaceae
Chamaerops,Chamaerops
Draba-type,Brassicaceae
Ephedra cf. E. fragilis,Ephedra fragilis-type
Pinus halepensis,Pinus halepensis-type
Radiola,Radiola linoides
Smilax,Smilax
Thymelaea,Thymelaea
Corrigiola litoralis,Corrigiola litoralis
Cyclamen purpurascens,Cyclamen purpurascens
Gypsophila repens,Gypsophila repens-type
Larix/Pseudotsuga,Larix/Pseudotsuga
Primula clusiana-type,Primula hirsuta-type
Androsace elongata-type,Androsace elongata-type
Crepis-type,Crepis-type
Lactuca-type,Lactuca-type
Myosotis-type,Myosotis-type
Primula-type,Primula
Ribes uva-crispa,Ribes uva-crispa
Juniperus communis-type,Juniperus communis-type
Vicia faba,Vicia faba
Agrostemma-type,Agrostemma githago
Scilla,Ornithogalum-type
Odontites/Euphrasia,Rhinanthus-type
Ricinus communis,Ricinus communis
Spartium junceum,Spartium junceum
Moraceae,Moraceae
Berberis,Berberis
Mercurialis-type,Mercurialis
Plantago cf. P. lanceolata,Plantago
Plantago-type,Plantago
Cerinthe-type,Cerinthe
Dipsacus-type,Dipsacus-type
Geum/Potentilla,Rosaceae
Juncus/Luzula,Juncaceae
Phillyrea-type,Phillyrea
Quercus ilex/Q. coccifera-type,Quercus ilex-type
Rubiaceae cf. Galium,Rubiaceae
Vitex agnus-castus,Vitex agnus-castus
Asparagus-type,Asparagus
Ephedra major-type,Ephedra distachya-type
Roemeria,Roemeria-type
Ruta,Ruta
Scabiosa-type,Scabiosa
Crocus,Crocus
Nerium,Nerium oleander
Pinus nigra-type,Pinus sylvestris-type
Lygeum,Lygeum spartum
Myrtaceae,Myrtaceae
Andromeda-type,Andromeda polifolia
Balsaminaceae,Impatiens
Betula/Corylus,Betula/Corylus
Cotoneaster,Cotoneaster
Erodium-type,Erodium
Ficaria,Ranunculus ficaria
Hyoscyamus,Hyoscyamus
Melilotus-type,Astragalus-type
Phacelia,Phacelia
Primula elatior-type,Primula veris-type
Saponaria,Saponaria
Scrophularia nodosa-type,Scrophularia-type
Viola odorata-type,Viola odorata-type
Aquilegia-type,Aquilegia
Lupinus,Lupinus
Angelica archangelica,Angelica archangelica
Anthriscus cerefolium,Anthriscus cerefolium
Arctium lappa-type,Arctium
Campanula rapunculoides,Campanula trachelium-type
Colchicum autumnale,Colchicum autumnale
Echinophora-type,Apiaceae
Hyoscyamus niger,Hyoscyamus niger
Larix decidua-type,Larix/Pseudotsuga
Medicago lupulina-type,Medicago lupulina-type
Medicago sativa-type,Medicago sativa-type
Polygala comosa-type,Polygala comosa-type
Polygonatum odoratum-type,Polygonatum odoratum-type
Salvia pratensis-type,Salvia pratensis-type
Lysimachia nemorum-type,Lysimachia nemorum
Circaea-type,Circaea
Lychnis-type,Silene-type
Polygala-type,Polygala
Scleranthus cf. S. perennis,Scleranthus
Asperula,Rubiaceae
Theligonum,Theligonum cynocrambe
Taraxacum,Crepis-type
Polemoniaceae,Polemoniaceae
Cupressus,Juniperus-type
Carpinus betulus-type,Carpinus betulus
Morus-type,Morus
Aristolochia,Aristolochia
Berberidaceae,Berberidaceae
Quercus faginea,Quercus robur-type
Anagallis arvensis-type,Anagallis arvensis-type
Cichorium intybus-type,Crepis-type
cf. Glyceria,Poaceae
Cornus suecica-type,Cornus mas-type
Pyrola-type,Pyrola-type
Narcissus,Convallaria-type
Cuscuta-type,Cuscuta europaea-type
Echinops-type,Echinops
Fraxinus ornus-type,Fraxinus ornus
Olea-type,Olea europaea
Pinaceae,cf. Abies
Polygonum-type,Polygonum-type (tricolporate)
Quercus coccifera-type,Quercus ilex-type
Anagallis tenella-type,Anagallis tenella-type
Cicendia filiformis,Cicendia filiformis
Cistus monspeliensis-type,Cistus monspeliensis-type
Erica scoparia-type,Erica arborea-type
Frankenia,Frankenia
Fumaria officinalis-type,Fumaria
Halimium halimifolium-type,Halimium halimifolium-type
Helianthemum croceum-type,Helianthemum croceum-type
Tuberaria guttata,Tuberaria guttata
Actaea spicata,Actaea
Aegopodium podagraria,Aegopodium podagraria
Anethum graveolens,Anethum graveolens
Fragaria,Potentilla-type
Iris germanica-type,Iris germanica-type
Legousia,Legousia-type
Leucojum,Leucojum-type
Viburnum opulus/V. tinus,Viburnum opulus/V. tinus
Carya glabra-type,Carya
Carya tomentosa-type,Carya
Carya-type,Carya
Haplophyllum-type,Haplophyllum
Artemisia alba-type,Artemisia
Medicago-type,Medicago sativa-type
Potentilla erecta,Potentilla-type
Centaurea jacea/C. nigra-type,Centaurea nigra-type
Cephalanthus,Cephalanthus
Cytisus/Genista-type,Genista-type
Lamium amplexicaule-type,Galeopsis-type
Orlaya-type,Orlaya
Polygonum cognatum,Polygonum cognatum
Rumex conglomeratus,Rumex crispus-type
Teucrium pyrenaicum-type,Teucrium pyrenaicum-type
Urtica atrovirens,Urtica atrovirens
Geranium pusillum-type,Geranium robertianum-type
Quercus ilex/Q. coccifera,Quercus ilex-type
Acanthus-type,Acanthus
Amaryllidaceae,Liliaceae-type
Asphodelus/Asphodeline,Asphodelus/Asphodeline
Atropa-type,Atropa-type
Berberis-type,Berberis
Cercis,Cercis siliquastrum
Cyclamen,Cyclamen
Euphorbia-type,Euphorbia
Hypecoum-type,Hypecoum
Mesembryanthemum,Mesembryanthemum
Oenothera,Oenothera
Prunus sp.,Prunus-type
Punica granatum,Punica granatum
Ribes-type,Ribes
Salsola-type,Chenopodiaceae/Amaranthaceae
Styrax,Styrax
Urtica pilulifera-type,Urtica pilulifera
Conopodium majus,Conopodium majus
Astragalus/Oxytropis,Astragalus-type
Ranunculus glacialis,Ranunculus glacialis-type
Sonchus,Sonchus-type
Primula scandinavica-type,Primula scandinavica-type
Sorbus cf. S. aucuparia,Sorbus-type
Linnaea,Linnaea borealis
Rumex sp.,Rumex/Oxyria
Avena sativa,Avena-type
Linum bienne-type,Linum usitatissimum/L. bienne
Thalictrum flavum,Thalictrum flavum-type
Plantago cf. P. major,Plantago major-type
Vaccinium uliginosum,Vaccinium
Juglans-type,Juglans
Centaurea sp.,Centaurea
Helianthemum sp.,Helianthemum
Krascheninnikovia ceratoides,Chenopodiaceae/Amaranthaceae
Medicago lupulina,Medicago lupulina-type
Trifolium montanum-type,Trifolium montanum
Angelica,Apiaceae
Dictamnus albus,Dictamnus albus
Pastinaca-type,Apiaceae
Sanicula,Astrantia-type
Pyrus,Prunus-type
Fragaria vesca,Fragaria vesca
Pinus mugo,Pinus sylvestris-type
Ajuga,Scutellaria-type
Melilotus,Astragalus-type
Sambucus racemosa-type,Sambucus nigra/S. racemosa
Morus nigra,Morus nigra
Carlina-type,Saussurea-type
Sesamoides,Sesamoides
Thalictrum minus,Thalictrum alpinum-type
Consolida ambigua-type,Consolida-type
Frangula alnus-type,Frangula alnus
Limonium vulgare (type A),Armeria-type
Ribes rubrum-type,Ribes rubrum-type
Solanum dulcamara-type,Solanum dulcamara
Empetrum nigrum-type,Empetrum nigrum
Prunella vulgaris-type,Prunella-type
cf. Gentiana,Gentianaceae
Sarcobatus,Sarcobatus
Symphoricarpos,Symphoricarpos
Rhamnus/Paliurus,Rhamnus-type
Alnus viridis subsp. suaveolens,Alnus viridis
Pinus laricio,Pinus sylvestris-type
Pinus maritima,Pinus sylvestris-type
Coriaria myrtifolia,Coriaria myrtifolia
Tragopogon-type,Tragopogon
Anthriscus-type,Apiaceae
Cousinia,Cousinia
Noaea-type,Chenopodiaceae/Amaranthaceae
